フシギダネ,n001.png,くさ,どく,しんりょく,,ようりょくそ,0,45,49,49,65,65,45
フシギソウ,n002.png,くさ,どく,しんりょく,,ようりょくそ,0,60,62,63,80,80,60
フシギバナ,n003.png,くさ,どく,しんりょく,,ようりょくそ,0,80,82,83,100,100,80
メガフシギバナ,n003m.png,くさ,どく,あついしぼう,,,0,80,100,123,122,120,80
ヒトカゲ,n004.png,ほのお,,もうか,,サンパワー,0,39,52,43,60,50,65
リザード,n005.png,ほのお,,もうか,,サンパワー,0,58,64,58,80,65,80
リザードン,n006.png,ほのお,ひこう,もうか,,サンパワー,0,78,84,78,109,85,100
メガリザードンX,n006x.png,ほのお,ドラゴン,かたいツメ,,,0,78,130,111,130,85,100
メガリザードンY,n006y.png,ほのお,ひこう,ひでり,,,0,78,104,78,159,115,100
ゼニガメ,n007.png,みず,,げきりゅう,,あめうけざら,0,44,48,65,50,64,43
カメール,n008.png,みず,,げきりゅう,,あめうけざら,0,59,63,80,65,80,58
カメックス,n009.png,みず,,げきりゅう,,あめうけざら,0,79,83,100,85,105,78
メガカメックス,n009m.png,みず,,メガランチャー,,,0,79,103,120,135,115,78
キャタピー,n010.png,むし,,りんぷん,,にげあし,0,45,30,35,20,20,45
トランセル,n011.png,むし,,だっぴ,,,0,50,20,55,25,25,30
バタフリー,n012.png,むし,ひこう,ふくがん,,いろめがね,0,60,45,50,90,80,70
ビードル,n013.png,むし,どく,りんぷん,,にげあし,0,40,35,30,20,20,50
コクーン,n014.png,むし,どく,だっぴ,,,0,45,25,50,25,25,35
スピアー,n015.png,むし,どく,むしのしらせ,,スナイパー,0,65,90,40,45,80,75
メガスピアー,n015m.png,むし,どく,てきおうりょく,,,0,65,150,40,15,80,145
ポッポ,n016.png,ノーマル,ひこう,するどいめ,ちどりあし,はとむね,0,40,45,40,35,35,56
ピジョン,n017.png,ノーマル,ひこう,するどいめ,ちどりあし,はとむね,0,63,60,55,50,50,71
ピジョット,n018.png,ノーマル,ひこう,するどいめ,ちどりあし,はとむね,0,83,80,75,70,70,101
メガピジョット,n018m.png,ノーマル,ひこう,ノーガード,,,0,83,80,80,135,80,121
コラッタ,n019.png,ノーマル,,にげあし,こんじょう,はりきり,0,30,56,35,25,35,72
コラッタA,n019a.png,あく,ノーマル,くいしんぼう,はりきり,あついしぼう,0,30,56,35,25,35,72
ラッタ,n020.png,ノーマル,,にげあし,こんじょう,はりきり,0,55,81,60,50,70,97
ラッタA,n020a.png,あく,ノーマル,くいしんぼう,はりきり,あついしぼう,0,75,71,70,40,80,77
オニスズメ,n021.png,ノーマル,ひこう,するどいめ,,スナイパー,0,40,60,30,31,31,70
オニドリル,n022.png,ノーマル,ひこう,するどいめ,,スナイパー,0,65,90,65,61,61,100
アーボ,n023.png,どく,,いかく,だっぴ,きんちょうかん,0,35,60,44,40,54,55
アーボック,n024.png,どく,,いかく,だっぴ,きんちょうかん,0,60,95,69,65,79,80
ピカチュウ,n025.png,でんき,,せいでんき,,ひらいしん,0,35,55,40,50,50,90
ライチュウ,n026.png,でんき,,せいでんき,,ひらいしん,0,60,90,55,90,80,110
ライチュウA,n026a.png,でんき,エスパー,サーフテール,,,0,60,85,50,95,85,110
サンド,n027.png,じめん,,すながくれ,,すなかき,0,50,75,85,20,30,40
サンドA,n027a.png,こおり,はがね,ゆきがくれ,,ゆきかき,0,50,75,90,10,35,40
サンドパン,n028.png,じめん,,すながくれ,,すなかき,0,75,100,110,45,55,65
サンドパンA,n028a.png,こおり,はがね,ゆきがくれ,,ゆきかき,0,75,100,120,25,65,65
ニドラン♀,n029.png,どく,,どくのトゲ,とうそうしん,はりきり,0,55,47,52,40,40,41
ニドリーナ,n030.png,どく,,どくのトゲ,とうそうしん,はりきり,0,70,62,67,55,55,56
ニドクイン,n031.png,どく,じめん,どくのトゲ,とうそうしん,ちからずく,0,90,92,87,75,85,76
ニドラン♂,n032.png,どく,,どくのトゲ,とうそうしん,はりきり,0,46,57,40,40,40,50
ニドリーノ,n033.png,どく,,どくのトゲ,とうそうしん,はりきり,0,61,72,57,55,55,65
ニドキング,n034.png,どく,じめん,どくのトゲ,とうそうしん,ちからずく,0,81,102,77,85,75,85
ピッピ,n035.png,フェアリー,,メロメロボディ,マジックガード,フレンドガード,0,70,45,48,60,65,35
ピクシー,n036.png,フェアリー,,メロメロボディ,マジックガード,てんねん,0,95,70,73,95,90,60
ロコン,n037.png,ほのお,,もらいび,,ひでり,0,38,41,40,50,65,65
ロコンA,n037a.png,こおり,,ゆきがくれ,,ゆきふらし,0,38,41,40,50,65,65
キュウコン,n038.png,ほのお,,もらいび,,ひでり,0,73,76,75,81,100,100
キュウコンA,n038a.png,こおり,フェアリー,ゆきがくれ,,ゆきふらし,0,73,67,75,81,100,109
プリン,n039.png,ノーマル,フェアリー,メロメロボディ,かちき,フレンドガード,0,115,45,20,45,25,20
プクリン,n040.png,ノーマル,フェアリー,メロメロボディ,かちき,おみとおし,0,140,70,45,85,50,45
ズバット,n041.png,どく,ひこう,せいしんりょく,,すりぬけ,0,40,45,35,30,40,55
ゴルバット,n042.png,どく,ひこう,せいしんりょく,,すりぬけ,0,75,80,70,65,75,90
ナゾノクサ,n043.png,くさ,どく,ようりょくそ,,にげあし,0,45,50,55,75,65,30
クサイハナ,n044.png,くさ,どく,ようりょくそ,,あくしゅう,0,60,65,70,85,75,40
ラフレシア,n045.png,くさ,どく,ようりょくそ,,ほうし,0,75,80,85,110,90,50
パラス,n046.png,むし,くさ,ほうし,かんそうはだ,しめりけ,0,35,70,55,45,55,25
パラセクト,n047.png,むし,くさ,ほうし,かんそうはだ,しめりけ,0,60,95,80,60,80,30
コンパン,n048.png,むし,どく,ふくがん,いろめがね,にげあし,0,60,55,50,40,55,45
モルフォン,n049.png,むし,どく,りんぷん,いろめがね,ミラクルスキン,0,70,65,60,90,75,90
ディグダ,n050.png,じめん,,すながくれ,ありじごく,すなのちから,0,10,55,25,35,45,95
ディグダA,n050a.png,じめん,はがね,すながくれ,カーリーヘアー,すなのちから,0,10,55,30,35,45,90
ダグトリオ,n051.png,じめん,,すながくれ,ありじごく,すなのちから,0,35,100,50,50,70,120
ダグトリオA,n051a.png,じめん,はがね,すながくれ,カーリーヘアー,すなのちから,0,35,100,60,50,70,110
ニャース,n052.png,ノーマル,,ものひろい,テクニシャン,きんちょうかん,0,40,45,35,40,40,90
ニャースA,n052a.png,あく,,ものひろい,テクニシャン,びびり,0,40,35,35,50,40,90
ニャースG,n052g.png,はがね,,ものひろい,かたいツメ,きんちょうかん,0,50,65,55,40,40,40
ペルシアン,n053.png,ノーマル,,じゅうなん,テクニシャン,きんちょうかん,0,65,70,60,65,65,115
ペルシアンA,n053a.png,あく,,ファーコート,テクニシャン,びびり,0,65,60,60,75,65,115
コダック,n054.png,みず,,しめりけ,ノーてんき,すいすい,0,50,52,48,65,50,55
ゴルダック,n055.png,みず,,しめりけ,ノーてんき,すいすい,0,80,82,78,95,80,85
マンキー,n056.png,かくとう,,やるき,いかりのつぼ,まけんき,0,40,80,35,35,45,70
オコリザル,n057.png,かくとう,,やるき,いかりのつぼ,まけんき,0,65,105,60,60,70,95
ガーディ,n058.png,ほのお,,いかく,もらいび,せいぎのこころ,0,55,70,45,70,50,60
ウインディ,n059.png,ほのお,,いかく,もらいび,せいぎのこころ,0,90,110,80,100,80,95
ニョロモ,n060.png,みず,,ちょすい,しめりけ,すいすい,0,40,50,40,40,40,90
ニョロゾ,n061.png,みず,,ちょすい,しめりけ,すいすい,0,65,65,65,50,50,90
ニョロボン,n062.png,みず,かくとう,ちょすい,しめりけ,すいすい,0,90,95,95,70,90,70
ケーシィ,n063.png,エスパー,,シンクロ,せいしんりょく,マジックガード,0,25,20,15,105,55,90
ユンゲラー,n064.png,エスパー,,シンクロ,せいしんりょく,マジックガード,0,40,35,30,120,70,105
フーディン,n065.png,エスパー,,シンクロ,せいしんりょく,マジックガード,0,55,50,45,135,95,120
メガフーディン,n065m.png,エスパー,,トレース,,,0,55,50,65,175,105,150
ワンリキー,n066.png,かくとう,,こんじょう,ノーガード,ふくつのこころ,0,70,80,50,35,35,35
ゴーリキー,n067.png,かくとう,,こんじょう,ノーガード,ふくつのこころ,0,80,100,70,50,60,45
カイリキー,n068.png,かくとう,,こんじょう,ノーガード,ふくつのこころ,0,90,130,80,65,85,55
マダツボミ,n069.png,くさ,どく,ようりょくそ,,くいしんぼう,0,50,75,35,70,30,40
ウツドン,n070.png,くさ,どく,ようりょくそ,,くいしんぼう,0,65,90,50,85,45,55
ウツボット,n071.png,くさ,どく,ようりょくそ,,くいしんぼう,0,80,105,65,100,70,70
メノクラゲ,n072.png,みず,どく,クリアボディ,ヘドロえき,あめうけざら,0,40,40,35,50,100,70
ドククラゲ,n073.png,みず,どく,クリアボディ,ヘドロえき,あめうけざら,0,80,70,65,80,120,100
イシツブテ,n074.png,いわ,じめん,いしあたま,がんじょう,すながくれ,0,40,80,100,30,30,20
イシツブテA,n074a.png,いわ,でんき,じりょく,がんじょう,エレキスキン,0,40,80,100,30,30,20
ゴローン,n075.png,いわ,じめん,いしあたま,がんじょう,すながくれ,0,55,95,115,45,45,35
ゴローンA,n075a.png,いわ,でんき,じりょく,がんじょう,エレキスキン,0,55,95,115,45,45,35
ゴローニャ,n076.png,いわ,じめん,いしあたま,がんじょう,すながくれ,0,80,120,130,55,65,45
ゴローニャA,n076a.png,いわ,でんき,じりょく,がんじょう,エレキスキン,0,80,120,130,55,65,45
ポニータ,n077.png,ほのお,,にげあし,もらいび,ほのおのからだ,0,50,85,55,65,65,90
ポニータG,n077g.png,エスパー,,にげあし,パステルベール,きけんよち,0,50,85,55,65,65,90
ギャロップ,n078.png,ほのお,,にげあし,もらいび,ほのおのからだ,0,65,100,70,80,80,105
ギャロップG,n078g.png,エスパー,フェアリー,にげあし,パステルベール,きけんよち,0,65,100,70,80,80,105
ヤドン,n079.png,みず,エスパー,どんかん,マイペース,さいせいりょく,0,90,65,65,40,40,15
ヤドンG,n079g.png,エスパー,,くいしんぼう,マイペース,さいせいりょく,0,90,65,65,40,40,15
ヤドラン,n080.png,みず,エスパー,どんかん,マイペース,さいせいりょく,0,95,75,110,100,80,30
メガヤドラン,n080m.png,みず,エスパー,シェルアーマー,,,0,95,75,180,130,80,30
ヤドランG,n080g.png,どく,エスパー,クイックドロウ,マイペース,さいせいりょく,0,95,100,95,100,70,30
コイル,n081.png,でんき,はがね,じりょく,がんじょう,アナライズ,1,25,35,70,95,55,45
レアコイル,n082.png,でんき,はがね,じりょく,がんじょう,アナライズ,1,50,60,95,120,70,70
カモネギ,n083.png,ノーマル,ひこう,するどいめ,せいしんりょく,まけんき,0,52,90,55,58,62,60
カモネギG,n083g.png,かくとう,,ふくつのこころ,,きもったま,0,52,95,55,58,62,55
ドードー,n084.png,ノーマル,ひこう,にげあし,はやおき,ちどりあし,0,35,85,45,35,35,75
ドードリオ,n085.png,ノーマル,ひこう,にげあし,はやおき,ちどりあし,0,60,110,70,60,60,110
パウワウ,n086.png,みず,,あついしぼう,うるおいボディ,アイスボディ,0,65,45,55,45,70,45
ジュゴン,n087.png,みず,こおり,あついしぼう,うるおいボディ,アイスボディ,0,90,70,80,70,95,70
ベトベター,n088.png,どく,,あくしゅう,ねんちゃく,どくしゅ,0,80,80,50,40,50,25
ベトベターA,n088a.png,どく,あく,どくしゅ,くいしんぼう,かがくのちから,0,80,80,50,40,50,25
ベトベトン,n089.png,どく,,あくしゅう,ねんちゃく,どくしゅ,0,105,105,75,65,100,50
ベトベトンA,n089a.png,どく,あく,どくしゅ,くいしんぼう,かがくのちから,0,105,105,75,65,100,50
シェルダー,n090.png,みず,,シェルアーマー,スキルリンク,ぼうじん,0,30,65,100,45,25,40
パルシェン,n091.png,みず,こおり,シェルアーマー,スキルリンク,ぼうじん,0,50,95,180,85,45,70
ゴース,n092.png,ゴースト,どく,ふゆう,,,0,30,35,30,100,35,80
ゴースト,n093.png,ゴースト,どく,ふゆう,,,0,45,50,45,115,55,95
ゲンガー,n094.png,ゴースト,どく,のろわれボディ,,,0,60,65,60,130,75,110
メガゲンガー,n094m.png,ゴースト,どく,かげふみ,,,0,60,65,80,170,95,130
イワーク,n095.png,いわ,じめん,いしあたま,がんじょう,くだけるよろい,0,35,45,160,30,45,70
スリープ,n096.png,エスパー,,ふみん,よちむ,せいしんりょく,0,60,48,45,43,90,42
スリーパー,n097.png,エスパー,,ふみん,よちむ,せいしんりょく,0,85,73,70,73,115,67
クラブ,n098.png,みず,,かいりきバサミ,シェルアーマー,ちからずく,0,30,105,90,25,25,50
キングラー,n099.png,みず,,かいりきバサミ,シェルアーマー,ちからずく,0,55,130,115,50,50,75
ビリリダマ,n100.png,でんき,,ぼうおん,せいでんき,ゆうばく,1,40,30,50,55,55,100
マルマイン,n101.png,でんき,,ぼうおん,せいでんき,ゆうばく,1,60,50,70,80,80,150
タマタマ,n102.png,くさ,エスパー,ようりょくそ,,しゅうかく,0,60,40,80,60,45,40
ナッシー,n103.png,くさ,エスパー,ようりょくそ,,しゅうかく,0,95,95,85,125,75,55
ナッシーA,n103a.png,くさ,ドラゴン,おみとおし,,しゅうかく,0,95,105,85,125,75,45
カラカラ,n104.png,じめん,,いしあたま,ひらいしん,カブトアーマー,0,50,50,95,40,50,35
ガラガラ,n105.png,じめん,,いしあたま,ひらいしん,カブトアーマー,0,60,80,110,50,80,45
ガラガラA,n105a.png,ほのお,ゴースト,のろわれボディ,ひらいしん,いしあたま,0,60,80,110,50,80,45
サワムラー,n106.png,かくとう,,じゅうなん,すてみ,かるわざ,0,50,120,53,35,110,87
エビワラー,n107.png,かくとう,,するどいめ,てつのこぶし,せいしんりょく,0,50,105,79,35,110,76
ベロリンガ,n108.png,ノーマル,,マイペース,どんかん,ノーてんき,0,90,55,75,60,75,30
ドガース,n109.png,どく,,ふゆう,かがくへんかガス,あくしゅう,0,40,65,95,60,45,35
マタドガス,n110.png,どく,,ふゆう,かがくへんかガス,あくしゅう,0,65,90,120,85,70,60
マタドガスG,n110g.png,どく,フェアリー,ふゆう,かがくへんかガス,ミストメイカー,0,65,90,120,85,70,60
サイホーン,n111.png,じめん,いわ,ひらいしん,いしあたま,すてみ,0,80,85,95,30,30,25
サイドン,n112.png,じめん,いわ,ひらいしん,いしあたま,すてみ,0,105,130,120,45,45,40
ラッキー,n113.png,ノーマル,,しぜんかいふく,てんのめぐみ,いやしのこころ,0,250,5,5,35,105,50
モンジャラ,n114.png,くさ,,ようりょくそ,リーフガード,さいせいりょく,0,65,55,115,100,40,60
ガルーラ,n115.png,ノーマル,,はやおき,きもったま,せいしんりょく,0,105,95,80,40,80,90
メガガルーラ,n115m.png,ノーマル,,おやこあい,,,0,105,125,100,60,100,100
タッツー,n116.png,みず,,すいすい,スナイパー,しめりけ,0,30,40,70,70,25,60
シードラ,n117.png,みず,,どくのトゲ,スナイパー,しめりけ,0,55,65,95,95,45,85
トサキント,n118.png,みず,,すいすい,みずのベール,ひらいしん,0,45,67,60,35,50,63
アズマオウ,n119.png,みず,,すいすい,みずのベール,ひらいしん,0,80,92,65,65,80,68
ヒトデマン,n120.png,みず,,はっこう,しぜんかいふく,アナライズ,1,30,45,55,70,55,85
スターミー,n121.png,みず,エスパー,はっこう,しぜんかいふく,アナライズ,1,60,75,85,100,85,115
バリヤード,n122.png,エスパー,フェアリー,ぼうおん,フィルター,テクニシャン,0,40,45,65,100,120,90
バリヤードG,n122g.png,こおり,エスパー,やるき,バリアフリー,アイスボディ,0,50,65,65,90,90,100
ストライク,n123.png,むし,ひこう,むしのしらせ,テクニシャン,ふくつのこころ,0,70,110,80,55,80,105
ルージュラ,n124.png,こおり,エスパー,どんかん,よちむ,かんそうはだ,0,65,50,35,115,95,95
エレブー,n125.png,でんき,,せいでんき,,やるき,0,65,83,57,95,85,105
ブーバー,n126.png,ほのお,,ほのおのからだ,,やるき,0,65,95,57,100,85,93
カイロス,n127.png,むし,,かいりきバサミ,かたやぶり,じしんかじょう,0,65,125,100,55,70,85
メガカイロス,n127m.png,むし,ひこう,スカイスキン,,,0,65,155,120,65,90,105
ケンタロス,n128.png,ノーマル,,いかく,いかりのつぼ,ちからずく,0,75,100,95,40,70,110
コイキング,n129.png,みず,,すいすい,,びびり,0,20,10,55,15,20,80
ギャラドス,n130.png,みず,ひこう,いかく,,じしんかじょう,0,95,125,79,60,100,81
メガギャラドス,n130m.png,みず,あく,かたやぶり,,,0,95,155,109,70,130,81
ラプラス,n131.png,みず,こおり,ちょすい,シェルアーマー,うるおいボディ,0,130,85,80,85,95,60
メタモン,n132.png,ノーマル,,じゅうなん,,かわりもの,1,48,48,48,48,48,48
イーブイ,n133.png,ノーマル,,にげあし,てきおうりょく,きけんよち,0,55,55,50,45,65,55
シャワーズ,n134.png,みず,,ちょすい,,うるおいボディ,0,130,65,60,110,95,65
サンダース,n135.png,でんき,,ちくでん,,はやあし,0,65,65,60,110,95,130
ブースター,n136.png,ほのお,,もらいび,,こんじょう,0,65,130,60,95,110,65
ポリゴン,n137.png,ノーマル,,トレース,ダウンロード,アナライズ,1,65,60,70,85,75,40
オムナイト,n138.png,いわ,みず,すいすい,シェルアーマー,くだけるよろい,0,35,40,100,90,55,35
オムスター,n139.png,いわ,みず,すいすい,シェルアーマー,くだけるよろい,0,70,60,125,115,70,55
カブト,n140.png,いわ,みず,すいすい,カブトアーマー,くだけるよろい,0,30,80,90,55,45,55
カブトプス,n141.png,いわ,みず,すいすい,カブトアーマー,くだけるよろい,0,60,115,105,65,70,80
プテラ,n142.png,いわ,ひこう,いしあたま,プレッシャー,きんちょうかん,0,80,105,65,60,75,130
メガプテラ,n142m.png,いわ,ひこう,かたいツメ,,,0,80,135,85,70,95,150
カビゴン,n143.png,ノーマル,,めんえき,あついしぼう,くいしんぼう,0,160,110,65,65,110,30
フリーザー,n144.png,こおり,ひこう,プレッシャー,,ゆきがくれ,1,90,85,100,95,125,85
フリーザーG,n144g.png,エスパー,ひこう,かちき,,,1,90,85,85,125,100,95
サンダー,n145.png,でんき,ひこう,プレッシャー,,せいでんき,1,90,90,85,125,90,100
サンダーG,n145g.png,かくとう,ひこう,まけんき,,,1,90,125,90,85,90,100
ファイヤー,n146.png,ほのお,ひこう,プレッシャー,,ほのおのからだ,1,90,100,90,125,85,90
ファイヤーG,n146g.png,あく,ひこう,ぎゃくじょう,,,1,90,85,90,100,125,90
ミニリュウ,n147.png,ドラゴン,,だっぴ,,ふしぎなうろこ,0,41,64,45,50,50,50
ハクリュー,n148.png,ドラゴン,,だっぴ,,ふしぎなうろこ,0,61,84,65,70,70,70
カイリュー,n149.png,ドラゴン,ひこう,せいしんりょく,,マルチスケイル,0,91,134,95,100,100,80
ミュウツー,n150.png,エスパー,,プレッシャー,,きんちょうかん,1,106,110,90,154,90,130
メガミュウツーX,n150x.png,エスパー,かくとう,ふくつのこころ,,,0,106,190,100,154,100,130
メガミュウツーY,n150y.png,エスパー,,ふみん,,,0,106,150,70,194,120,140
ミュウ,n151.png,エスパー,,シンクロ,,,1,100,100,100,100,100,100
チコリータ,n152.png,くさ,,しんりょく,,リーフガード,0,45,49,65,49,65,45
ベイリーフ,n153.png,くさ,,しんりょく,,リーフガード,0,60,62,80,63,80,60
メガニウム,n154.png,くさ,,しんりょく,,リーフガード,0,80,82,100,83,100,80
ヒノアラシ,n155.png,ほのお,,もうか,,もらいび,0,39,52,43,60,50,65
マグマラシ,n156.png,ほのお,,もうか,,もらいび,0,58,64,58,80,65,80
バクフーン,n157.png,ほのお,,もうか,,もらいび,0,78,84,78,109,85,100
ワニノコ,n158.png,みず,,げきりゅう,,ちからずく,0,50,65,64,44,48,43
アリゲイツ,n159.png,みず,,げきりゅう,,ちからずく,0,65,80,80,59,63,58
オーダイル,n160.png,みず,,げきりゅう,,ちからずく,0,85,105,100,79,83,78
オタチ,n161.png,ノーマル,,にげあし,するどいめ,おみとおし,0,35,46,34,35,45,20
オオタチ,n162.png,ノーマル,,にげあし,するどいめ,おみとおし,0,85,76,64,45,55,90
ホーホー,n163.png,ノーマル,ひこう,ふみん,するどいめ,いろめがね,0,60,30,30,36,56,50
ヨルノズク,n164.png,ノーマル,ひこう,ふみん,するどいめ,いろめがね,0,100,50,50,86,96,70
レディバ,n165.png,むし,ひこう,むしのしらせ,はやおき,びびり,0,40,20,30,40,80,55
レディアン,n166.png,むし,ひこう,むしのしらせ,はやおき,てつのこぶし,0,55,35,50,55,110,85
イトマル,n167.png,むし,どく,むしのしらせ,ふみん,スナイパー,0,40,60,40,40,40,30
アリアドス,n168.png,むし,どく,むしのしらせ,ふみん,スナイパー,0,70,90,70,60,70,40
クロバット,n169.png,どく,ひこう,せいしんりょく,,すりぬけ,0,85,90,80,70,80,130
チョンチー,n170.png,みず,でんき,ちくでん,はっこう,ちょすい,0,75,38,38,56,56,67
ランターン,n171.png,みず,でんき,ちくでん,はっこう,ちょすい,0,125,58,58,76,76,67
ピチュー,n172.png,でんき,,せいでんき,,ひらいしん,0,20,40,15,35,35,60
ピィ,n173.png,フェアリー,,メロメロボディ,マジックガード,フレンドガード,0,50,25,28,45,55,15
ププリン,n174.png,ノーマル,フェアリー,メロメロボディ,かちき,フレンドガード,0,90,30,15,40,20,15
トゲピー,n175.png,フェアリー,,はりきり,てんのめぐみ,きょううん,0,35,20,65,40,65,20
トゲチック,n176.png,フェアリー,ひこう,はりきり,てんのめぐみ,きょううん,0,55,40,85,80,105,40
ネイティ,n177.png,エスパー,ひこう,シンクロ,はやおき,マジックミラー,0,40,50,45,70,45,70
ネイティオ,n178.png,エスパー,ひこう,シンクロ,はやおき,マジックミラー,0,65,75,70,95,70,95
メリープ,n179.png,でんき,,せいでんき,,プラス,0,55,40,40,65,45,35
モココ,n180.png,でんき,,せいでんき,,プラス,0,70,55,55,80,60,45
デンリュウ,n181.png,でんき,,せいでんき,,プラス,0,90,75,85,115,90,55
メガデンリュウ,n181m.png,でんき,ドラゴン,かたやぶり,,,0,90,95,105,165,110,45
キレイハナ,n182.png,くさ,,ようりょくそ,,いやしのこころ,0,75,80,95,90,100,50
マリル,n183.png,みず,フェアリー,あついしぼう,ちからもち,そうしょく,0,70,20,50,20,50,40
マリルリ,n184.png,みず,フェアリー,あついしぼう,ちからもち,そうしょく,0,100,50,80,60,80,50
ウソッキー,n185.png,いわ,,がんじょう,いしあたま,びびり,0,70,100,115,30,65,30
ニョロトノ,n186.png,みず,,ちょすい,しめりけ,あめふらし,0,90,75,75,90,100,70
ハネッコ,n187.png,くさ,ひこう,ようりょくそ,リーフガード,すりぬけ,0,35,35,40,35,55,50
ポポッコ,n188.png,くさ,ひこう,ようりょくそ,リーフガード,すりぬけ,0,55,45,50,45,65,80
ワタッコ,n189.png,くさ,ひこう,ようりょくそ,リーフガード,すりぬけ,0,75,55,70,55,95,110
エイパム,n190.png,ノーマル,,にげあし,ものひろい,スキルリンク,0,55,70,55,40,55,85
ヒマナッツ,n191.png,くさ,,ようりょくそ,サンパワー,はやおき,0,30,30,30,30,30,30
キマワリ,n192.png,くさ,,ようりょくそ,サンパワー,はやおき,0,75,75,55,105,85,30
ヤンヤンマ,n193.png,むし,ひこう,かそく,ふくがん,おみとおし,0,65,65,45,75,45,95
ウパー,n194.png,みず,じめん,しめりけ,ちょすい,てんねん,0,55,45,45,25,25,15
ヌオー,n195.png,みず,じめん,しめりけ,ちょすい,てんねん,0,95,85,85,65,65,35
エーフィ,n196.png,エスパー,,シンクロ,,マジックミラー,0,65,65,60,130,95,110
ブラッキー,n197.png,あく,,シンクロ,,せいしんりょく,0,95,65,110,60,130,65
ヤミカラス,n198.png,あく,ひこう,ふみん,きょううん,いたずらごころ,0,60,85,42,85,42,91
ヤドキング,n199.png,みず,エスパー,どんかん,マイペース,さいせいりょく,0,95,75,80,100,110,30
ヤドキングG,n199g.png,どく,エスパー,きみょうなくすり,マイペース,さいせいりょく,0,95,65,80,110,110,30
ムウマ,n200.png,ゴースト,,ふゆう,,,0,60,60,60,85,85,85
アンノーン,n201.png,エスパー,,ふゆう,,,0,48,72,48,72,48,48
ソーナンス,n202.png,エスパー,,かげふみ,,テレパシー,0,190,33,58,33,58,33
キリンリキ,n203.png,ノーマル,エスパー,せいしんりょく,はやおき,そうしょく,0,70,80,65,90,65,85
クヌギダマ,n204.png,むし,,がんじょう,,ぼうじん,0,50,65,90,35,35,15
フォレトス,n205.png,むし,はがね,がんじょう,,ぼうじん,0,75,90,140,60,60,40
ノコッチ,n206.png,ノーマル,,てんのめぐみ,にげあし,びびり,0,100,70,70,65,65,45
グライガー,n207.png,じめん,ひこう,かいりきバサミ,すながくれ,めんえき,0,65,75,105,35,65,85
ハガネール,n208.png,はがね,じめん,いしあたま,がんじょう,ちからずく,0,75,85,200,55,65,30
メガハガネール,n208m.png,はがね,じめん,すなのちから,,,0,75,125,230,55,95,30
ブルー,n209.png,フェアリー,,いかく,にげあし,びびり,0,60,80,50,40,40,30
グランブル,n210.png,フェアリー,,いかく,はやあし,びびり,0,90,120,75,60,60,45
ハリーセン,n211.png,みず,どく,どくのトゲ,すいすい,いかく,0,65,95,85,55,55,85
ハッサム,n212.png,むし,はがね,むしのしらせ,テクニシャン,ライトメタル,0,70,130,100,55,80,65
メガハッサム,n212m.png,むし,はがね,テクニシャン,,,0,70,150,140,65,100,75
ツボツボ,n213.png,むし,いわ,がんじょう,くいしんぼう,あまのじゃく,0,20,10,230,10,230,5
ヘラクロス,n214.png,むし,かくとう,むしのしらせ,こんじょう,じしんかじょう,0,80,125,75,40,95,85
メガヘラクロス,n214m.png,むし,かくとう,スキルリンク,,,0,80,185,115,40,105,75
ニューラ,n215.png,あく,こおり,せいしんりょく,するどいめ,わるいてぐせ,0,55,95,55,35,75,115
ヒメグマ,n216.png,ノーマル,,ものひろい,はやあし,みつあつめ,0,60,80,50,50,50,40
リングマ,n217.png,ノーマル,,こんじょう,はやあし,きんちょうかん,0,90,130,75,75,75,55
マグマッグ,n218.png,ほのお,,マグマのよろい,ほのおのからだ,くだけるよろい,0,40,40,40,70,40,20
マグカルゴ,n219.png,ほのお,いわ,マグマのよろい,ほのおのからだ,くだけるよろい,0,60,50,120,90,80,30
ウリムー,n220.png,こおり,じめん,どんかん,ゆきがくれ,あついしぼう,0,50,50,40,30,30,50
イノムー,n221.png,こおり,じめん,どんかん,ゆきがくれ,あついしぼう,0,100,100,80,60,60,50
サニーゴ,n222.png,みず,いわ,はりきり,しぜんかいふく,さいせいりょく,0,65,55,95,65,95,35
サニーゴG,n222g.png,ゴースト,,くだけるよろい,,のろわれボディ,0,60,55,100,65,100,30
テッポウオ,n223.png,みず,,はりきり,スナイパー,ムラっけ,0,35,65,35,65,35,65
オクタン,n224.png,みず,,きゅうばん,スナイパー,ムラっけ,0,75,105,75,105,75,45
デリバード,n225.png,こおり,ひこう,やるき,はりきり,ふみん,0,45,55,45,65,45,75
マンタイン,n226.png,みず,ひこう,すいすい,ちょすい,みずのベール,0,85,40,70,80,140,70
エアームド,n227.png,はがね,ひこう,するどいめ,がんじょう,くだけるよろい,0,65,80,140,40,70,70
デルビル,n228.png,あく,ほのお,はやおき,もらいび,きんちょうかん,0,45,60,30,80,50,65
ヘルガー,n229.png,あく,ほのお,はやおき,もらいび,きんちょうかん,0,75,90,50,110,80,95
メガヘルガー,n229m.png,あく,ほのお,サンパワー,,,0,75,90,90,140,90,115
キングドラ,n230.png,みず,ドラゴン,すいすい,スナイパー,しめりけ,0,75,95,95,95,95,85
ゴマゾウ,n231.png,じめん,,ものひろい,,すながくれ,0,90,60,60,40,40,40
ドンファン,n232.png,じめん,,がんじょう,,すながくれ,0,90,120,120,60,60,50
ポリゴン2,n233.png,ノーマル,,トレース,ダウンロード,アナライズ,1,85,80,90,105,95,60
オドシシ,n234.png,ノーマル,,いかく,おみとおし,そうしょく,0,73,95,62,85,65,85
ドーブル,n235.png,ノーマル,,マイペース,テクニシャン,ムラっけ,0,55,20,35,20,45,75
バルキー,n236.png,かくとう,,こんじょう,ふくつのこころ,やるき,0,35,35,35,35,35,35
カポエラー,n237.png,かくとう,,いかく,テクニシャン,ふくつのこころ,0,50,95,95,35,110,70
ムチュール,n238.png,こおり,エスパー,どんかん,よちむ,うるおいボディ,0,45,30,15,85,65,65
エレキッド,n239.png,でんき,,せいでんき,,やるき,0,45,63,37,65,55,95
ブビィ,n240.png,ほのお,,ほのおのからだ,,やるき,0,45,75,37,70,55,83
ミルタンク,n241.png,ノーマル,,あついしぼう,きもったま,そうしょく,0,95,80,105,40,70,100
ハピナス,n242.png,ノーマル,,しぜんかいふく,てんのめぐみ,いやしのこころ,0,255,10,10,75,135,55
ライコウ,n243.png,でんき,,プレッシャー,,せいしんりょく,1,90,85,75,115,100,115
エンテイ,n244.png,ほのお,,プレッシャー,,せいしんりょく,1,115,115,85,90,75,100
スイクン,n245.png,みず,,プレッシャー,,せいしんりょく,1,100,75,115,90,115,85
ヨーギラス,n246.png,いわ,じめん,こんじょう,,すながくれ,0,50,64,50,45,50,41
サナギラス,n247.png,いわ,じめん,だっぴ,,,0,70,84,70,65,70,51
バンギラス,n248.png,いわ,あく,すなおこし,,きんちょうかん,0,100,134,110,95,100,61
メガバンギラス,n248m.png,いわ,あく,すなおこし,,,0,100,164,150,95,120,71
ルギア,n249.png,エスパー,ひこう,プレッシャー,,マルチスケイル,1,106,90,130,90,154,110
ホウオウ,n250.png,ほのお,ひこう,プレッシャー,,さいせいりょく,1,106,130,90,110,154,90
セレビィ,n251.png,エスパー,くさ,しぜんかいふく,,,1,100,100,100,100,100,100
キモリ,n252.png,くさ,,しんりょく,,かるわざ,0,40,45,35,65,55,70
ジュプトル,n253.png,くさ,,しんりょく,,かるわざ,0,50,65,45,85,65,95
ジュカイン,n254.png,くさ,,しんりょく,,かるわざ,0,70,85,65,105,85,120
メガジュカイン,n254m.png,くさ,ドラゴン,ひらいしん,,,0,70,110,75,145,85,145
アチャモ,n255.png,ほのお,,もうか,,かそく,0,45,60,40,70,50,45
ワカシャモ,n256.png,ほのお,かくとう,もうか,,かそく,0,60,85,60,85,60,55
バシャーモ,n257.png,ほのお,かくとう,もうか,,かそく,0,80,120,70,110,70,80
メガバシャーモ,n257m.png,ほのお,かくとう,かそく,,,0,80,160,80,130,80,100
ミズゴロウ,n258.png,みず,,げきりゅう,,しめりけ,0,50,70,50,50,50,40
ヌマクロー,n259.png,みず,じめん,げきりゅう,,しめりけ,0,70,85,70,60,70,50
ラグラージ,n260.png,みず,じめん,げきりゅう,,しめりけ,0,100,110,90,85,90,60
メガラグラージ,n260m.png,みず,じめん,すいすい,,,0,100,150,110,95,110,70
ポチエナ,n261.png,あく,,にげあし,はやあし,びびり,0,35,55,35,30,30,35
グラエナ,n262.png,あく,,いかく,はやあし,じしんかじょう,0,70,90,70,60,60,70
ジグザグマ,n263.png,ノーマル,,ものひろい,くいしんぼう,はやあし,0,38,30,41,30,41,60
ジグザグマG,n263g.png,あく,ノーマル,ものひろい,くいしんぼう,はやあし,0,38,30,41,30,41,60
マッスグマ,n264.png,ノーマル,,ものひろい,くいしんぼう,はやあし,0,78,70,61,50,61,100
マッスグマG,n264g.png,あく,ノーマル,ものひろい,くいしんぼう,はやあし,0,78,70,61,50,61,100
ケムッソ,n265.png,むし,,りんぷん,,にげあし,0,45,45,35,20,30,20
カラサリス,n266.png,むし,,だっぴ,,,0,50,35,55,25,25,15
アゲハント,n267.png,むし,ひこう,むしのしらせ,,とうそうしん,0,60,70,50,100,50,65
マユルド,n268.png,むし,,だっぴ,,,0,50,35,55,25,25,15
ドクケイル,n269.png,むし,どく,りんぷん,,ふくがん,0,60,50,70,50,90,65
ハスボー,n270.png,みず,くさ,すいすい,あめうけざら,マイペース,0,40,30,30,40,50,30
ハスブレロ,n271.png,みず,くさ,すいすい,あめうけざら,マイペース,0,60,50,50,60,70,50
ルンパッパ,n272.png,みず,くさ,すいすい,あめうけざら,マイペース,0,80,70,70,90,100,70
タネボー,n273.png,くさ,,ようりょくそ,はやおき,わるいてぐせ,0,40,40,50,30,30,30
コノハナ,n274.png,くさ,あく,ようりょくそ,はやおき,わるいてぐせ,0,70,70,40,60,40,60
ダーテング,n275.png,くさ,あく,ようりょくそ,はやおき,わるいてぐせ,0,90,100,60,90,60,80
スバメ,n276.png,ノーマル,ひこう,こんじょう,,きもったま,0,40,55,30,30,30,85
オオスバメ,n277.png,ノーマル,ひこう,こんじょう,,きもったま,0,60,85,60,75,50,125
キャモメ,n278.png,みず,ひこう,するどいめ,うるおいボディ,あめうけざら,0,40,30,30,55,30,85
ペリッパー,n279.png,みず,ひこう,するどいめ,あめふらし,あめうけざら,0,60,50,100,95,70,65
ラルトス,n280.png,エスパー,フェアリー,シンクロ,トレース,テレパシー,0,28,25,25,45,35,40
キルリア,n281.png,エスパー,フェアリー,シンクロ,トレース,テレパシー,0,38,35,35,65,55,50
サーナイト,n282.png,エスパー,フェアリー,シンクロ,トレース,テレパシー,0,68,65,65,125,115,80
メガサーナイト,n282m.png,エスパー,フェアリー,フェアリースキン,,,0,68,85,65,165,135,100
アメタマ,n283.png,むし,みず,すいすい,,あめうけざら,0,40,30,32,50,52,65
アメモース,n284.png,むし,ひこう,いかく,,きんちょうかん,0,70,60,62,100,82,80
キノココ,n285.png,くさ,,ほうし,ポイズンヒール,はやあし,0,60,40,60,40,60,35
キノガッサ,n286.png,くさ,かくとう,ほうし,ポイズンヒール,テクニシャン,0,60,130,80,60,60,70
ナマケロ,n287.png,ノーマル,,なまけ,,,0,60,60,60,35,35,30
ヤルキモノ,n288.png,ノーマル,,やるき,,,0,80,80,80,55,55,90
ケッキング,n289.png,ノーマル,,なまけ,,,0,150,160,100,95,65,100
ツチニン,n290.png,むし,じめん,ふくがん,,にげあし,0,31,45,90,30,30,40
テッカニン,n291.png,むし,ひこう,かそく,,すりぬけ,0,61,90,45,50,50,160
ヌケニン,n292.png,むし,ゴースト,ふしぎなまもり,,,1,1,90,45,30,30,40
ゴニョニョ,n293.png,ノーマル,,ぼうおん,,びびり,0,64,51,23,51,23,28
ドゴーム,n294.png,ノーマル,,ぼうおん,,きもったま,0,84,71,43,71,43,48
バクオング,n295.png,ノーマル,,ぼうおん,,きもったま,0,104,91,63,91,73,68
マクノシタ,n296.png,かくとう,,あついしぼう,こんじょう,ちからずく,0,72,60,30,20,30,25
ハリテヤマ,n297.png,かくとう,,あついしぼう,こんじょう,ちからずく,0,144,120,60,40,60,50
ルリリ,n298.png,ノーマル,フェアリー,あついしぼう,ちからもち,そうしょく,0,50,20,40,20,40,20
ノズパス,n299.png,いわ,,がんじょう,じりょく,すなのちから,0,30,45,135,45,90,30
エネコ,n300.png,ノーマル,,メロメロボディ,ノーマルスキン,ミラクルスキン,0,50,45,45,35,35,50
エネコロロ,n301.png,ノーマル,,メロメロボディ,ノーマルスキン,ミラクルスキン,0,70,65,65,55,55,90
ヤミラミ,n302.png,あく,ゴースト,するどいめ,あとだし,いたずらごころ,0,50,75,75,65,65,50
メガヤミラミ,n302m.png,あく,ゴースト,マジックミラー,,,0,50,85,125,85,115,20
クチート,n303.png,はがね,フェアリー,かいりきバサミ,いかく,ちからずく,0,50,85,85,55,55,50
メガクチート,n303m.png,はがね,フェアリー,ちからもち,,,0,50,105,125,55,95,50
ココドラ,n304.png,はがね,いわ,がんじょう,いしあたま,ヘヴィメタル,0,50,70,100,40,40,30
コドラ,n305.png,はがね,いわ,がんじょう,いしあたま,ヘヴィメタル,0,60,90,140,50,50,40
ボスゴドラ,n306.png,はがね,いわ,がんじょう,いしあたま,ヘヴィメタル,0,70,110,180,60,60,50
メガボスゴドラ,n306m.png,はがね,,フィルター,,,0,70,140,230,60,80,50
アサナン,n307.png,かくとう,エスパー,ヨガパワー,,テレパシー,0,30,40,55,40,55,60
チャーレム,n308.png,かくとう,エスパー,ヨガパワー,,テレパシー,0,60,60,75,60,75,80
メガチャーレム,n308m.png,かくとう,エスパー,ヨガパワー,,,0,60,100,85,80,85,100
ラクライ,n309.png,でんき,,せいでんき,ひらいしん,マイナス,0,40,45,40,65,40,65
ライボルト,n310.png,でんき,,せいでんき,ひらいしん,マイナス,0,70,75,60,105,60,105
メガライボルト,n310m.png,でんき,,いかく,,,0,70,75,80,135,80,135
プラスル,n311.png,でんき,,プラス,,ひらいしん,0,60,50,40,85,75,95
マイナン,n312.png,でんき,,マイナス,,ちくでん,0,60,40,50,75,85,95
バルビート,n313.png,むし,,はっこう,むしのしらせ,いたずらごころ,0,65,73,75,47,85,85
イルミーゼ,n314.png,むし,,どんかん,いろめがね,いたずらごころ,0,65,47,75,73,85,85
ロゼリア,n315.png,くさ,どく,しぜんかいふく,どくのトゲ,リーフガード,0,50,60,45,100,80,65
ゴクリン,n316.png,どく,,ヘドロえき,ねんちゃく,くいしんぼう,0,70,43,53,43,53,40
マルノーム,n317.png,どく,,ヘドロえき,ねんちゃく,くいしんぼう,0,100,73,83,73,83,55
キバニア,n318.png,みず,あく,さめはだ,,かそく,0,45,90,20,65,20,65
サメハダー,n319.png,みず,あく,さめはだ,,かそく,0,70,120,40,95,40,95
メガサメハダー,n319m.png,みず,あく,がんじょうあご,,,0,70,140,70,110,65,105
ホエルコ,n320.png,みず,,みずのベール,どんかん,プレッシャー,0,130,70,35,70,35,60
ホエルオー,n321.png,みず,,みずのベール,どんかん,プレッシャー,0,170,90,45,90,45,60
ドンメル,n322.png,ほのお,じめん,どんかん,たんじゅん,マイペース,0,60,60,40,65,45,35
バクーダ,n323.png,ほのお,じめん,マグマのよろい,ハードロック,いかりのつぼ,0,70,100,70,105,75,40
メガバクーダ,n323m.png,ほのお,じめん,ちからずく,,,0,70,120,100,145,105,20
コータス,n324.png,ほのお,,しろいけむり,ひでり,シェルアーマー,0,70,85,140,85,70,20
バネブー,n325.png,エスパー,,あついしぼう,マイペース,くいしんぼう,0,60,25,35,70,80,60
ブーピッグ,n326.png,エスパー,,あついしぼう,マイペース,くいしんぼう,0,80,45,65,90,110,80
パッチール,n327.png,ノーマル,,マイペース,ちどりあし,あまのじゃく,0,60,60,60,60,60,60
ナックラー,n328.png,じめん,,かいりきバサミ,ありじごく,ちからずく,0,45,100,45,45,45,10
ビブラーバ,n329.png,じめん,ドラゴン,ふゆう,,,0,50,70,50,50,50,70
フライゴン,n330.png,じめん,ドラゴン,ふゆう,,,0,80,100,80,80,80,100
サボネア,n331.png,くさ,,すながくれ,,ちょすい,0,50,85,40,85,40,35
ノクタス,n332.png,くさ,あく,すながくれ,,ちょすい,0,70,115,60,115,60,55
チルット,n333.png,ノーマル,ひこう,しぜんかいふく,,ノーてんき,0,45,40,60,40,75,50
チルタリス,n334.png,ドラゴン,ひこう,しぜんかいふく,,ノーてんき,0,75,70,90,70,105,80
メガチルタリス,n334m.png,ドラゴン,フェアリー,フェアリースキン,,,0,75,110,110,110,105,80
ザングース,n335.png,ノーマル,,めんえき,,どくぼうそう,0,73,115,60,60,60,90
ハブネーク,n336.png,どく,,だっぴ,,すりぬけ,0,73,100,60,100,60,65
ルナトーン,n337.png,いわ,エスパー,ふゆう,,,1,90,55,65,95,85,70
ソルロック,n338.png,いわ,エスパー,ふゆう,,,1,90,95,85,55,65,70
ドジョッチ,n339.png,みず,じめん,どんかん,きけんよち,うるおいボディ,0,50,48,43,46,41,60
ナマズン,n340.png,みず,じめん,どんかん,きけんよち,うるおいボディ,0,110,78,73,76,71,60
ヘイガニ,n341.png,みず,,かいりきバサミ,シェルアーマー,てきおうりょく,0,43,80,65,50,35,35
シザリガー,n342.png,みず,あく,かいりきバサミ,シェルアーマー,てきおうりょく,0,63,120,85,90,55,55
ヤジロン,n343.png,じめん,エスパー,ふゆう,,,1,40,40,55,40,70,55
ネンドール,n344.png,じめん,エスパー,ふゆう,,,1,60,70,105,70,120,75
リリーラ,n345.png,いわ,くさ,きゅうばん,,よびみず,0,66,41,77,61,87,23
ユレイドル,n346.png,いわ,くさ,きゅうばん,,よびみず,0,86,81,97,81,107,43
アノプス,n347.png,いわ,むし,カブトアーマー,,すいすい,0,45,95,50,40,50,75
アーマルド,n348.png,いわ,むし,カブトアーマー,,すいすい,0,75,125,100,70,80,45
ヒンバス,n349.png,みず,,すいすい,どんかん,てきおうりょく,0,20,15,20,10,55,80
ミロカロス,n350.png,みず,,ふしぎなうろこ,かちき,メロメロボディ,0,95,60,79,100,125,81
ポワルン,n351.png,ノーマル,,てんきや,,,0,70,70,70,70,70,70
カクレオン,n352.png,ノーマル,,へんしょく,,へんげんじざい,0,60,90,70,60,120,40
カゲボウズ,n353.png,ゴースト,,ふみん,おみとおし,のろわれボディ,0,44,75,35,63,33,45
ジュペッタ,n354.png,ゴースト,,ふみん,おみとおし,のろわれボディ,0,64,115,65,83,63,65
メガジュペッタ,n354m.png,ゴースト,,いたずらごころ,,,0,64,165,75,93,83,75
ヨマワル,n355.png,ゴースト,,ふゆう,,おみとおし,0,20,40,90,30,90,25
サマヨール,n356.png,ゴースト,,プレッシャー,,おみとおし,0,40,70,130,60,130,25
トロピウス,n357.png,くさ,ひこう,ようりょくそ,サンパワー,しゅうかく,0,99,68,83,72,87,51
チリーン,n358.png,エスパー,,ふゆう,,,0,75,50,80,95,90,65
アブソル,n359.png,あく,,プレッシャー,きょううん,せいぎのこころ,0,65,130,60,75,60,75
メガアブソル,n359m.png,あく,,マジックミラー,,,0,65,150,60,115,60,115
ソーナノ,n360.png,エスパー,,かげふみ,,テレパシー,0,95,23,48,23,48,23
ユキワラシ,n361.png,こおり,,せいしんりょく,アイスボディ,ムラっけ,0,50,50,50,50,50,50
オニゴーリ,n362.png,こおり,,せいしんりょく,アイスボディ,ムラっけ,0,80,80,80,80,80,80
メガオニゴーリ,n362m.png,こおり,,フリーズスキン,,,0,80,120,80,120,80,100
タマザラシ,n363.png,こおり,みず,あついしぼう,アイスボディ,どんかん,0,70,40,50,55,50,25
トドグラー,n364.png,こおり,みず,あついしぼう,アイスボディ,どんかん,0,90,60,70,75,70,45
トドゼルガ,n365.png,こおり,みず,あついしぼう,アイスボディ,どんかん,0,110,80,90,95,90,65
パールル,n366.png,みず,,シェルアーマー,,びびり,0,35,64,85,74,55,32
ハンテール,n367.png,みず,,すいすい,,みずのベール,0,55,104,105,94,75,52
サクラビス,n368.png,みず,,すいすい,,うるおいボディ,0,55,84,105,114,75,52
ジーランス,n369.png,みず,いわ,すいすい,いしあたま,がんじょう,0,100,90,130,45,65,55
ラブカス,n370.png,みず,,すいすい,,うるおいボディ,0,43,30,55,40,65,97
タツベイ,n371.png,ドラゴン,,いしあたま,,ちからずく,0,45,75,60,40,30,50
コモルー,n372.png,ドラゴン,,いしあたま,,ぼうじん,0,65,95,100,60,50,50
ボーマンダ,n373.png,ドラゴン,ひこう,いかく,,じしんかじょう,0,95,135,80,110,80,100
メガボーマンダ,n373m.png,ドラゴン,ひこう,スカイスキン,,,0,95,145,130,120,90,120
ダンバル,n374.png,はがね,エスパー,クリアボディ,,ライトメタル,1,40,55,80,35,60,30
メタング,n375.png,はがね,エスパー,クリアボディ,,ライトメタル,1,60,75,100,55,80,50
メタグロス,n376.png,はがね,エスパー,クリアボディ,,ライトメタル,1,80,135,130,95,90,70
メガメタグロス,n376m.png,はがね,エスパー,かたいツメ,,,0,80,145,150,105,110,110
レジロック,n377.png,いわ,,クリアボディ,,がんじょう,1,80,100,200,50,100,50
レジアイス,n378.png,こおり,,クリアボディ,,アイスボディ,1,80,50,100,100,200,50
レジスチル,n379.png,はがね,,クリアボディ,,ライトメタル,1,80,75,150,75,150,50
ラティアス,n380.png,ドラゴン,エスパー,ふゆう,,,0,80,80,90,110,130,110
メガラティアス,n380m.png,ドラゴン,エスパー,ふゆう,,,0,80,100,120,140,150,110
ラティオス,n381.png,ドラゴン,エスパー,ふゆう,,,0,80,90,80,130,110,110
メガラティオス,n381m.png,ドラゴン,エスパー,ふゆう,,,0,80,130,100,160,120,110
カイオーガ,n382.png,みず,,あめふらし,,,1,100,100,90,150,140,90
ゲンシカイオーガ,n382p.png,みず,,はじまりのうみ,,,0,100,150,90,180,160,90
グラードン,n383.png,じめん,,ひでり,,,1,100,150,140,100,90,90
ゲンシグラードン,n383p.png,じめん,ほのお,おわりのだいち,,,0,100,180,160,150,90,90
レックウザ,n384.png,ドラゴン,ひこう,エアロック,,,1,105,150,90,150,90,95
メガレックウザ,n384m.png,ドラゴン,ひこう,デルタストリーム,,,0,105,180,100,180,100,115
ジラーチ,n385.png,はがね,エスパー,てんのめぐみ,,,1,100,100,100,100,100,100
デオキシス,n386.png,エスパー,,プレッシャー,,,1,50,150,50,150,50,150
デオキシスA,n386a.png,エスパー,,プレッシャー,,,1,50,180,20,180,20,150
デオキシスD,n386d.png,エスパー,,プレッシャー,,,1,50,70,160,70,160,90
デオキシスS,n386s.png,エスパー,,プレッシャー,,,1,50,95,90,95,90,180
ナエトル,n387.png,くさ,,しんりょく,,シェルアーマー,0,55,68,64,45,55,31
ハヤシガメ,n388.png,くさ,,しんりょく,,シェルアーマー,0,75,89,85,55,65,36
ドダイトス,n389.png,くさ,じめん,しんりょく,,シェルアーマー,0,95,109,105,75,85,56
ヒコザル,n390.png,ほのお,,もうか,,てつのこぶし,0,44,58,44,58,44,61
モウカザル,n391.png,ほのお,かくとう,もうか,,てつのこぶし,0,64,78,52,78,52,81
ゴウカザル,n392.png,ほのお,かくとう,もうか,,てつのこぶし,0,76,104,71,104,71,108
ポッチャマ,n393.png,みず,,げきりゅう,,まけんき,0,53,51,53,61,56,40
ポッタイシ,n394.png,みず,,げきりゅう,,まけんき,0,64,66,68,81,76,50
エンペルト,n395.png,みず,はがね,げきりゅう,,まけんき,0,84,86,88,111,101,60
ムックル,n396.png,ノーマル,ひこう,するどいめ,,すてみ,0,40,55,30,30,30,60
ムクバード,n397.png,ノーマル,ひこう,いかく,,すてみ,0,55,75,50,40,40,80
ムクホーク,n398.png,ノーマル,ひこう,いかく,,すてみ,0,85,120,70,50,60,100
ビッパ,n399.png,ノーマル,,たんじゅん,てんねん,ムラっけ,0,59,45,40,35,40,31
ビーダル,n400.png,ノーマル,みず,たんじゅん,てんねん,ムラっけ,0,79,85,60,55,60,71
コロボーシ,n401.png,むし,,だっぴ,,にげあし,0,37,25,41,25,41,25
コロトック,n402.png,むし,,むしのしらせ,,テクニシャン,0,77,85,51,55,51,65
コリンク,n403.png,でんき,,とうそうしん,いかく,こんじょう,0,45,65,34,40,34,45
ルクシオ,n404.png,でんき,,とうそうしん,いかく,こんじょう,0,60,85,49,60,49,60
レントラー,n405.png,でんき,,とうそうしん,いかく,こんじょう,0,80,120,79,95,79,70
スボミー,n406.png,くさ,どく,しぜんかいふく,どくのトゲ,リーフガード,0,40,30,35,50,70,55
ロズレイド,n407.png,くさ,どく,しぜんかいふく,どくのトゲ,テクニシャン,0,60,70,65,125,105,90
ズガイドス,n408.png,いわ,,かたやぶり,,ちからずく,0,67,125,40,30,30,58
ラムパルド,n409.png,いわ,,かたやぶり,,ちからずく,0,97,165,60,65,50,58
タテトプス,n410.png,いわ,はがね,がんじょう,,ぼうおん,0,30,42,118,42,88,30
トリデプス,n411.png,いわ,はがね,がんじょう,,ぼうおん,0,60,52,168,47,138,30
ミノムッチ,n412.png,むし,,だっぴ,,ぼうじん,0,40,29,45,29,45,36
ミノマダム草,n413.png,むし,くさ,きけんよち,,ぼうじん,0,60,59,85,79,105,36
ミノマダム砂,n413s.png,むし,じめん,きけんよち,,ぼうじん,0,60,79,105,59,85,36
ミノマダムゴミ,n413d.png,むし,はがね,きけんよち,,ぼうじん,0,60,69,95,69,95,36
ガーメイル,n414.png,むし,ひこう,むしのしらせ,,いろめがね,0,70,94,50,94,50,66
ミツハニー,n415.png,むし,ひこう,みつあつめ,,はりきり,0,30,30,42,30,42,70
ビークイン,n416.png,むし,ひこう,プレッシャー,,きんちょうかん,0,70,80,102,80,102,40
パチリス,n417.png,でんき,,にげあし,ものひろい,ちくでん,0,60,45,70,45,90,95
ブイゼル,n418.png,みず,,すいすい,,みずのベール,0,55,65,35,60,30,85
フローゼル,n419.png,みず,,すいすい,,みずのベール,0,85,105,55,85,50,115
チェリンボ,n420.png,くさ,,ようりょくそ,,,0,45,35,45,62,53,35
チェリム,n421.png,くさ,,フラワーギフト,,,0,70,60,70,87,78,85
カラナクシ,n422.png,みず,,ねんちゃく,よびみず,すなのちから,0,76,48,48,57,62,34
トリトドン,n423.png,みず,じめん,ねんちゃく,よびみず,すなのちから,0,111,83,68,92,82,39
エテボース,n424.png,ノーマル,,テクニシャン,ものひろい,スキルリンク,0,75,100,66,60,66,115
フワンテ,n425.png,ゴースト,ひこう,ゆうばく,かるわざ,ねつぼうそう,0,90,50,34,60,44,70
フワライド,n426.png,ゴースト,ひこう,ゆうばく,かるわざ,ねつぼうそう,0,150,80,44,90,54,80
ミミロル,n427.png,ノーマル,,にげあし,ぶきよう,じゅうなん,0,55,66,44,44,56,85
ミミロップ,n428.png,ノーマル,,メロメロボディ,ぶきよう,じゅうなん,0,65,76,84,54,96,105
メガミミロップ,n428m.png,ノーマル,かくとう,きもったま,,,0,65,136,94,54,96,135
ムウマージ,n429.png,ゴースト,,ふゆう,,,0,60,60,60,105,105,105
ドンカラス,n430.png,あく,ひこう,ふみん,きょううん,じしんかじょう,0,100,125,52,105,52,71
ニャルマー,n431.png,ノーマル,,じゅうなん,マイペース,するどいめ,0,49,55,42,42,37,85
ブニャット,n432.png,ノーマル,,あついしぼう,マイペース,まけんき,0,71,82,64,64,59,112
リーシャン,n433.png,エスパー,,ふゆう,,,0,45,30,50,65,50,45
スカンプー,n434.png,どく,あく,あくしゅう,ゆうばく,するどいめ,0,63,63,47,41,41,74
スカタンク,n435.png,どく,あく,あくしゅう,ゆうばく,するどいめ,0,103,93,67,71,61,84
ドーミラー,n436.png,はがね,エスパー,ふゆう,たいねつ,ヘヴィメタル,1,57,24,86,24,86,23
ドータクン,n437.png,はがね,エスパー,ふゆう,たいねつ,ヘヴィメタル,1,67,89,116,79,116,33
ウソハチ,n438.png,いわ,,がんじょう,いしあたま,びびり,0,50,80,95,10,45,10
マネネ,n439.png,エスパー,フェアリー,ぼうおん,フィルター,テクニシャン,0,20,25,45,70,90,60
ピンプク,n440.png,ノーマル,,しぜんかいふく,てんのめぐみ,フレンドガード,0,100,5,5,15,65,30
ペラップ,n441.png,ノーマル,ひこう,するどいめ,ちどりあし,はとむね,0,76,65,45,92,42,91
ミカルゲ,n442.png,ゴースト,あく,プレッシャー,,すりぬけ,0,50,92,108,92,108,35
フカマル,n443.png,ドラゴン,じめん,すながくれ,,さめはだ,0,58,70,45,40,45,42
ガバイト,n444.png,ドラゴン,じめん,すながくれ,,さめはだ,0,68,90,65,50,55,82
ガブリアス,n445.png,ドラゴン,じめん,すながくれ,,さめはだ,0,108,130,95,80,85,102
メガガブリアス,n445m.png,ドラゴン,じめん,すなのちから,,,0,108,170,115,120,95,92
ゴンベ,n446.png,ノーマル,,ものひろい,あついしぼう,くいしんぼう,0,135,85,40,40,85,5
リオル,n447.png,かくとう,,ふくつのこころ,せいしんりょく,いたずらごころ,0,40,70,40,35,40,60
ルカリオ,n448.png,かくとう,はがね,ふくつのこころ,せいしんりょく,せいぎのこころ,0,70,110,70,115,70,90
メガルカリオ,n448m.png,かくとう,はがね,てきおうりょく,,,0,70,145,88,140,70,112
ヒポポタス,n449.png,じめん,,すなおこし,,すなのちから,0,68,72,78,38,42,32
カバルドン,n450.png,じめん,,すなおこし,,すなのちから,0,108,112,118,68,72,47
スコルピ,n451.png,どく,むし,カブトアーマー,スナイパー,するどいめ,0,40,50,90,30,55,65
ドラピオン,n452.png,どく,あく,カブトアーマー,スナイパー,するどいめ,0,70,90,110,60,75,95
グレッグル,n453.png,どく,かくとう,きけんよち,かんそうはだ,どくしゅ,0,48,61,40,61,40,50
ドクロッグ,n454.png,どく,かくとう,きけんよち,かんそうはだ,どくしゅ,0,83,106,65,86,65,85
マスキッパ,n455.png,くさ,,ふゆう,,,0,74,100,72,90,72,46
ケイコウオ,n456.png,みず,,すいすい,よびみず,みずのベール,0,49,49,56,49,61,66
ネオラント,n457.png,みず,,すいすい,よびみず,みずのベール,0,69,69,76,69,86,91
タマンタ,n458.png,みず,ひこう,すいすい,ちょすい,みずのベール,0,45,20,50,60,120,50
ユキカブリ,n459.png,くさ,こおり,ゆきふらし,,ぼうおん,0,60,62,50,62,60,40
ユキノオー,n460.png,くさ,こおり,ゆきふらし,,ぼうおん,0,90,92,75,92,85,60
メガユキノオー,n460m.png,くさ,こおり,ゆきふらし,,,0,90,132,105,132,105,30
マニューラ,n461.png,あく,こおり,プレッシャー,,わるいてぐせ,0,70,120,65,45,85,125
ジバコイル,n462.png,でんき,はがね,じりょく,がんじょう,アナライズ,1,70,70,115,130,90,60
ベロベルト,n463.png,ノーマル,,マイペース,どんかん,ノーてんき,0,110,85,95,80,95,50
ドサイドン,n464.png,じめん,いわ,ひらいしん,ハードロック,すてみ,0,115,140,130,55,55,40
モジャンボ,n465.png,くさ,,ようりょくそ,リーフガード,さいせいりょく,0,100,100,125,110,50,50
エレキブル,n466.png,でんき,,でんきエンジン,,やるき,0,75,123,67,95,85,95
ブーバーン,n467.png,ほのお,,ほのおのからだ,,やるき,0,75,95,67,125,95,83
トゲキッス,n468.png,フェアリー,ひこう,はりきり,てんのめぐみ,きょううん,0,85,50,95,120,115,80
メガヤンマ,n469.png,むし,ひこう,かそく,いろめがね,おみとおし,0,86,76,86,116,56,95
リーフィア,n470.png,くさ,,リーフガード,,ようりょくそ,0,65,110,130,60,65,95
グレイシア,n471.png,こおり,,ゆきがくれ,,アイスボディ,0,65,60,110,130,95,65
グライオン,n472.png,じめん,ひこう,かいりきバサミ,すながくれ,ポイズンヒール,0,75,95,125,45,75,95
マンムー,n473.png,こおり,じめん,どんかん,ゆきがくれ,あついしぼう,0,110,130,80,70,60,80
ポリゴンZ,n474.png,ノーマル,,てきおうりょく,ダウンロード,アナライズ,1,85,80,70,135,75,90
エルレイド,n475.png,エスパー,かくとう,ふくつのこころ,,せいぎのこころ,0,68,125,65,65,115,80
メガエルレイド,n475m.png,エスパー,かくとう,せいしんりょく,,,0,68,165,95,65,115,110
ダイノーズ,n476.png,いわ,はがね,がんじょう,じりょく,すなのちから,0,60,55,145,75,150,40
ヨノワール,n477.png,ゴースト,,プレッシャー,,おみとおし,0,45,100,135,65,135,45
ユキメノコ,n478.png,こおり,ゴースト,ゆきがくれ,,のろわれボディ,0,70,80,70,80,70,110
ロトム,n479.png,でんき,ゴースト,ふゆう,,,1,50,50,77,95,77,91
ロトム火,n479h.png,でんき,ほのお,ふゆう,,,1,50,65,107,105,107,86
ロトム水,n479w.png,でんき,みず,ふゆう,,,1,50,65,107,105,107,86
ロトム氷,n479f.png,でんき,こおり,ふゆう,,,1,50,65,107,105,107,86
ロトム飛,n479s.png,でんき,ひこう,ふゆう,,,1,50,65,107,105,107,86
ロトム草,n479c.png,でんき,くさ,ふゆう,,,1,50,65,107,105,107,86
ユクシー,n480.png,エスパー,,ふゆう,,,1,75,75,130,75,130,95
エムリット,n481.png,エスパー,,ふゆう,,,1,80,105,105,105,105,80
アグノム,n482.png,エスパー,,ふゆう,,,1,75,125,70,125,70,115
ディアルガ,n483.png,はがね,ドラゴン,プレッシャー,,テレパシー,1,100,120,120,150,100,90
パルキア,n484.png,みず,ドラゴン,プレッシャー,,テレパシー,1,90,120,100,150,120,100
ヒードラン,n485.png,ほのお,はがね,もらいび,,ほのおのからだ,0,91,90,106,130,106,77
レジギガス,n486.png,ノーマル,,スロースタート,,,1,110,160,110,80,110,100
ギラティナ,n487.png,ゴースト,ドラゴン,プレッシャー,,テレパシー,1,150,100,120,100,120,90
ギラティナO,n487o.png,ゴースト,ドラゴン,ふゆう,,,1,150,120,100,120,100,90
クレセリア,n488.png,エスパー,,ふゆう,,,0,120,70,120,75,130,85
フィオネ,n489.png,みず,,うるおいボディ,,,0,80,80,80,80,80,80
マナフィ,n490.png,みず,,うるおいボディ,,,0,100,100,100,100,100,100
ダークライ,n491.png,あく,,ナイトメア,,,0,70,90,90,135,90,125
シェイミ,n492.png,くさ,,しぜんかいふく,,,0,100,100,100,100,100,100
シェイミS,n492s.png,くさ,ひこう,てんのめぐみ,,,0,100,103,75,120,75,127
アルセウス,n493.png,ノーマル,,マルチタイプ,,,0,120,120,120,120,120,120
ビクティニ,n494.png,エスパー,ほのお,しょうりのほし,,,1,100,100,100,100,100,100
ツタージャ,n495.png,くさ,,しんりょく,,あまのじゃく,0,45,45,55,45,55,63
ジャノビー,n496.png,くさ,,しんりょく,,あまのじゃく,0,60,60,75,60,75,83
ジャローダ,n497.png,くさ,,しんりょく,,あまのじゃく,0,75,75,95,75,95,113
ポカブ,n498.png,ほのお,,もうか,,あついしぼう,0,65,63,45,45,45,45
チャオブー,n499.png,ほのお,かくとう,もうか,,あついしぼう,0,90,93,55,70,55,55
エンブオー,n500.png,ほのお,かくとう,もうか,,すてみ,0,110,123,65,100,65,65
ミジュマル,n501.png,みず,,げきりゅう,,シェルアーマー,0,55,55,45,63,45,45
フタチマル,n502.png,みず,,げきりゅう,,シェルアーマー,0,75,75,60,83,60,60
ダイケンキ,n503.png,みず,,げきりゅう,,シェルアーマー,0,95,100,85,108,70,70
ミネズミ,n504.png,ノーマル,,にげあし,するどいめ,アナライズ,0,45,55,39,35,39,42
ミルホッグ,n505.png,ノーマル,,はっこう,するどいめ,アナライズ,0,60,85,69,60,69,77
ヨーテリー,n506.png,ノーマル,,やるき,ものひろい,にげあし,0,45,60,45,25,45,55
ハーデリア,n507.png,ノーマル,,いかく,すなかき,きもったま,0,65,80,65,35,65,60
ムーランド,n508.png,ノーマル,,いかく,すなかき,きもったま,0,85,110,90,45,90,80
チョロネコ,n509.png,あく,,じゅうなん,かるわざ,いたずらごころ,0,41,50,37,50,37,66
レパルダス,n510.png,あく,,じゅうなん,かるわざ,いたずらごころ,0,64,88,50,88,50,106
ヤナップ,n511.png,くさ,,くいしんぼう,,しんりょく,0,50,53,48,53,48,64
ヤナッキー,n512.png,くさ,,くいしんぼう,,しんりょく,0,75,98,63,98,63,101
バオップ,n513.png,ほのお,,くいしんぼう,,もうか,0,50,53,48,53,48,64
バオッキー,n514.png,ほのお,,くいしんぼう,,もうか,0,75,98,63,98,63,101
ヒヤップ,n515.png,みず,,くいしんぼう,,げきりゅう,0,50,53,48,53,48,64
ヒヤッキー,n516.png,みず,,くいしんぼう,,げきりゅう,0,75,98,63,98,63,101
ムンナ,n517.png,エスパー,,よちむ,シンクロ,テレパシー,0,76,25,45,67,55,24
ムシャーナ,n518.png,エスパー,,よちむ,シンクロ,テレパシー,0,116,55,85,107,95,29
マメパト,n519.png,ノーマル,ひこう,はとむね,きょううん,とうそうしん,0,50,55,50,36,30,43
ハトーボー,n520.png,ノーマル,ひこう,はとむね,きょううん,とうそうしん,0,62,77,62,50,42,65
ケンホロウ,n521.png,ノーマル,ひこう,はとむね,きょううん,とうそうしん,0,80,115,80,65,55,93
シママ,n522.png,でんき,,ひらいしん,でんきエンジン,そうしょく,0,45,60,32,50,32,76
ゼブライカ,n523.png,でんき,,ひらいしん,でんきエンジン,そうしょく,0,75,100,63,80,63,116
ダンゴロ,n524.png,いわ,,がんじょう,くだけるよろい,すなのちから,0,55,75,85,25,25,15
ガントル,n525.png,いわ,,がんじょう,くだけるよろい,すなのちから,0,70,105,105,50,40,20
ギガイアス,n526.png,いわ,,がんじょう,すなおこし,すなのちから,0,85,135,130,60,80,25
コロモリ,n527.png,エスパー,ひこう,てんねん,ぶきよう,たんじゅん,0,65,45,43,55,43,72
ココロモリ,n528.png,エスパー,ひこう,てんねん,ぶきよう,たんじゅん,0,67,57,55,77,55,114
モグリュー,n529.png,じめん,,すなかき,すなのちから,かたやぶり,0,60,85,40,30,45,68
ドリュウズ,n530.png,じめん,はがね,すなかき,すなのちから,かたやぶり,0,110,135,60,50,65,88
タブンネ,n531.png,ノーマル,,いやしのこころ,さいせいりょく,ぶきよう,0,103,60,86,60,86,50
メガタブンネ,n531m.png,ノーマル,フェアリー,いやしのこころ,,,0,103,60,126,80,126,50
ドッコラー,n532.png,かくとう,,こんじょう,ちからずく,てつのこぶし,0,75,80,55,25,35,35
ドテッコツ,n533.png,かくとう,,こんじょう,ちからずく,てつのこぶし,0,85,105,85,40,50,40
ローブシン,n534.png,かくとう,,こんじょう,ちからずく,てつのこぶし,0,105,140,95,55,65,45
オタマロ,n535.png,みず,,すいすい,うるおいボディ,ちょすい,0,50,50,40,50,40,64
ガマガル,n536.png,みず,じめん,すいすい,うるおいボディ,ちょすい,0,75,65,55,65,55,69
ガマゲロゲ,n537.png,みず,じめん,すいすい,どくしゅ,ちょすい,0,105,95,75,85,75,74
ナゲキ,n538.png,かくとう,,こんじょう,せいしんりょく,かたやぶり,0,120,100,85,30,85,45
ダゲキ,n539.png,かくとう,,がんじょう,せいしんりょく,かたやぶり,0,75,125,75,30,75,85
クルミル,n540.png,むし,くさ,むしのしらせ,ようりょくそ,ぼうじん,0,45,53,70,40,60,42
クルマユ,n541.png,むし,くさ,リーフガード,ようりょくそ,ぼうじん,0,55,63,90,50,80,42
ハハコモリ,n542.png,むし,くさ,むしのしらせ,ようりょくそ,ぼうじん,0,75,103,80,70,80,92
フシデ,n543.png,むし,どく,どくのトゲ,むしのしらせ,かそく,0,30,45,59,30,39,57
ホイーガ,n544.png,むし,どく,どくのトゲ,むしのしらせ,かそく,0,40,55,99,40,79,47
ペンドラー,n545.png,むし,どく,どくのトゲ,むしのしらせ,かそく,0,60,100,89,55,69,112
モンメン,n546.png,くさ,フェアリー,いたずらごころ,すりぬけ,ようりょくそ,0,40,27,60,37,50,66
エルフーン,n547.png,くさ,フェアリー,いたずらごころ,すりぬけ,ようりょくそ,0,60,67,85,77,75,116
チュリネ,n548.png,くさ,,ようりょくそ,マイペース,リーフガード,0,45,35,50,70,50,30
ドレディア,n549.png,くさ,,ようりょくそ,マイペース,リーフガード,0,70,60,75,110,75,90
バスラオ赤,n550.png,みず,,すてみ,てきおうりょく,かたやぶり,0,70,92,65,80,55,98
バスラオ青,n550f.png,みず,,いしあたま,てきおうりょく,かたやぶり,0,70,92,65,80,55,98
メグロコ,n551.png,じめん,あく,いかく,じしんかじょう,いかりのつぼ,0,50,72,35,35,35,65
ワルビル,n552.png,じめん,あく,いかく,じしんかじょう,いかりのつぼ,0,60,82,45,45,45,74
ワルビアル,n553.png,じめん,あく,いかく,じしんかじょう,いかりのつぼ,0,95,117,80,65,70,92
ダルマッカ,n554.png,ほのお,,はりきり,,せいしんりょく,0,70,90,45,15,45,50
ダルマッカG,n554g.png,こおり,,はりきり,,せいしんりょく,0,70,90,45,15,45,50
ヒヒダルマ,n555.png,ほのお,,ちからずく,,ダルマモード,0,105,140,55,30,55,95
ヒヒダルマD,n555f.png,ほのお,エスパー,ちからずく,,ダルマモード,0,105,30,105,140,105,55
ヒヒダルマG,n555g.png,こおり,,ごりむちゅう,,ダルマモード,0,105,140,55,30,55,95
ヒヒダルマGD,n555h.png,こおり,ほのお,ごりむちゅう,,ダルマモード,0,105,160,55,30,55,135
マラカッチ,n556.png,くさ,,ちょすい,ようりょくそ,よびみず,0,75,86,67,106,67,60
イシズマイ,n557.png,むし,いわ,がんじょう,シェルアーマー,くだけるよろい,0,50,65,85,35,35,55
イワパレス,n558.png,むし,いわ,がんじょう,シェルアーマー,くだけるよろい,0,70,105,125,65,75,45
ズルッグ,n559.png,あく,かくとう,だっぴ,じしんかじょう,いかく,0,50,75,70,35,70,48
ズルズキン,n560.png,あく,かくとう,だっぴ,じしんかじょう,いかく,0,65,90,115,45,115,58
シンボラー,n561.png,エスパー,ひこう,ミラクルスキン,マジックガード,いろめがね,0,72,58,80,103,80,97
デスマス,n562.png,ゴースト,,ミイラ,,,0,38,30,85,55,65,30
デスマスG,n562g.png,じめん,ゴースト,さまようたましい,,,0,38,55,85,30,65,30
デスカーン,n563.png,ゴースト,,ミイラ,,,0,58,50,145,95,105,30
プロトーガ,n564.png,みず,いわ,ハードロック,がんじょう,すいすい,0,54,78,103,53,45,22
アバゴーラ,n565.png,みず,いわ,ハードロック,がんじょう,すいすい,0,74,108,133,83,65,32
アーケン,n566.png,いわ,ひこう,よわき,,,0,55,112,45,74,45,70
アーケオス,n567.png,いわ,ひこう,よわき,,,0,75,140,65,112,65,110
ヤブクロン,n568.png,どく,,あくしゅう,ねんちゃく,ゆうばく,0,50,50,62,40,62,65
ダストダス,n569.png,どく,,あくしゅう,くだけるよろい,ゆうばく,0,80,95,82,60,82,75
ゾロア,n570.png,あく,,イリュージョン,,,0,40,65,40,80,40,65
ゾロアーク,n571.png,あく,,イリュージョン,,,0,60,105,60,120,60,105
チラーミィ,n572.png,ノーマル,,メロメロボディ,テクニシャン,スキルリンク,0,55,50,40,40,40,75
チラチーノ,n573.png,ノーマル,,メロメロボディ,テクニシャン,スキルリンク,0,75,95,60,65,60,115
ゴチム,n574.png,エスパー,,おみとおし,かちき,かげふみ,0,45,30,50,55,65,45
ゴチミル,n575.png,エスパー,,おみとおし,かちき,かげふみ,0,60,45,70,75,85,55
ゴチルゼル,n576.png,エスパー,,おみとおし,かちき,かげふみ,0,70,55,95,95,110,65
ユニラン,n577.png,エスパー,,ぼうじん,マジックガード,さいせいりょく,0,45,30,40,105,50,20
ダブラン,n578.png,エスパー,,ぼうじん,マジックガード,さいせいりょく,0,65,40,50,125,60,30
ランクルス,n579.png,エスパー,,ぼうじん,マジックガード,さいせいりょく,0,110,65,75,125,85,30
コアルヒー,n580.png,みず,ひこう,するどいめ,はとむね,うるおいボディ,0,62,44,50,44,50,55
スワンナ,n581.png,みず,ひこう,するどいめ,はとむね,うるおいボディ,0,75,87,63,87,63,98
バニプッチ,n582.png,こおり,,アイスボディ,ゆきがくれ,くだけるよろい,0,36,50,50,65,60,44
バニリッチ,n583.png,こおり,,アイスボディ,ゆきがくれ,くだけるよろい,0,51,65,65,80,75,59
バイバニラ,n584.png,こおり,,アイスボディ,ゆきふらし,くだけるよろい,0,71,95,85,110,95,79
シキジカ,n585.png,ノーマル,くさ,ようりょくそ,そうしょく,てんのめぐみ,0,60,60,50,40,50,75
メブキジカ,n586.png,ノーマル,くさ,ようりょくそ,そうしょく,てんのめぐみ,0,80,100,70,60,70,95
エモンガ,n587.png,でんき,ひこう,せいでんき,,でんきエンジン,0,55,75,60,75,60,103
カブルモ,n588.png,むし,,むしのしらせ,だっぴ,ノーガード,0,50,75,45,40,45,60
シュバルゴ,n589.png,むし,はがね,むしのしらせ,シェルアーマー,ぼうじん,0,70,135,105,60,105,20
タマゲタケ,n590.png,くさ,どく,ほうし,,さいせいりょく,0,69,55,45,55,55,15
モロバレル,n591.png,くさ,どく,ほうし,,さいせいりょく,0,114,85,70,85,80,30
プルリル,n592.png,みず,ゴースト,ちょすい,のろわれボディ,しめりけ,0,55,40,50,65,85,40
ブルンゲル,n593.png,みず,ゴースト,ちょすい,のろわれボディ,しめりけ,0,100,60,70,85,105,60
ママンボウ,n594.png,みず,,いやしのこころ,うるおいボディ,さいせいりょく,0,165,75,80,40,45,65
バチュル,n595.png,むし,でんき,ふくがん,きんちょうかん,むしのしらせ,0,50,47,50,57,50,65
デンチュラ,n596.png,むし,でんき,ふくがん,きんちょうかん,むしのしらせ,0,70,77,60,97,60,108
テッシード,n597.png,くさ,はがね,てつのトゲ,,,0,44,50,91,24,86,10
ナットレイ,n598.png,くさ,はがね,てつのトゲ,,きけんよち,0,74,94,131,54,116,20
ギアル,n599.png,はがね,,プラス,マイナス,クリアボディ,1,40,55,70,45,60,30
ギギアル,n600.png,はがね,,プラス,マイナス,クリアボディ,1,60,80,95,70,85,50
ギギギアル,n601.png,はがね,,プラス,マイナス,クリアボディ,1,60,100,115,70,85,90
シビシラス,n602.png,でんき,,ふゆう,,,0,35,55,40,45,40,60
シビビール,n603.png,でんき,,ふゆう,,,0,65,85,70,75,70,40
シビルドン,n604.png,でんき,,ふゆう,,,0,85,115,80,105,80,50
リグレー,n605.png,エスパー,,テレパシー,シンクロ,アナライズ,0,55,55,55,85,55,30
オーベム,n606.png,エスパー,,テレパシー,シンクロ,アナライズ,0,75,75,75,125,95,40
ヒトモシ,n607.png,ゴースト,ほのお,もらいび,ほのおのからだ,すりぬけ,0,50,30,55,65,55,20
ランプラー,n608.png,ゴースト,ほのお,もらいび,ほのおのからだ,すりぬけ,0,60,40,60,95,60,55
シャンデラ,n609.png,ゴースト,ほのお,もらいび,ほのおのからだ,すりぬけ,0,60,55,90,145,90,80
キバゴ,n610.png,ドラゴン,,とうそうしん,かたやぶり,きんちょうかん,0,46,87,60,30,40,57
オノンド,n611.png,ドラゴン,,とうそうしん,かたやぶり,きんちょうかん,0,66,117,70,40,50,67
オノノクス,n612.png,ドラゴン,,とうそうしん,かたやぶり,きんちょうかん,0,76,147,90,60,70,97
クマシュン,n613.png,こおり,,ゆきがくれ,ゆきかき,びびり,0,55,70,40,60,40,40
ツンベアー,n614.png,こおり,,ゆきがくれ,ゆきかき,すいすい,0,95,130,80,70,80,50
フリージオ,n615.png,こおり,,ふゆう,,,1,80,50,50,95,135,105
チョボマキ,n616.png,むし,,うるおいボディ,シェルアーマー,ぼうじん,0,50,40,85,40,65,25
アギルダー,n617.png,むし,,うるおいボディ,ねんちゃく,かるわざ,0,80,70,40,100,60,145
マッギョ,n618.png,じめん,でんき,せいでんき,じゅうなん,すながくれ,0,109,66,84,81,99,32
マッギョG,n618g.png,じめん,はがね,ぎたい,,,0,109,81,99,66,84,32
コジョフー,n619.png,かくとう,,せいしんりょく,さいせいりょく,すてみ,0,45,85,50,55,50,65
コジョンド,n620.png,かくとう,,せいしんりょく,さいせいりょく,すてみ,0,65,125,60,95,60,105
クリムガン,n621.png,ドラゴン,,さめはだ,ちからずく,かたやぶり,0,77,120,90,60,90,48
ゴビット,n622.png,じめん,ゴースト,てつのこぶし,ぶきよう,ノーガード,1,59,74,50,35,50,35
ゴルーグ,n623.png,じめん,ゴースト,てつのこぶし,ぶきよう,ノーガード,1,89,124,80,55,80,55
コマタナ,n624.png,あく,はがね,まけんき,せいしんりょく,プレッシャー,0,45,85,70,40,40,60
キリキザン,n625.png,あく,はがね,まけんき,せいしんりょく,プレッシャー,0,65,125,100,60,70,70
バッフロン,n626.png,ノーマル,,すてみ,そうしょく,ぼうおん,0,95,110,95,40,95,55
ワシボン,n627.png,ノーマル,ひこう,するどいめ,ちからずく,はりきり,0,70,83,50,37,50,60
ウォーグル,n628.png,ノーマル,ひこう,するどいめ,ちからずく,まけんき,0,100,123,75,57,75,80
バルチャイ,n629.png,あく,ひこう,はとむね,ぼうじん,くだけるよろい,0,70,55,75,45,65,60
バルジーナ,n630.png,あく,ひこう,はとむね,ぼうじん,くだけるよろい,0,110,65,105,55,95,80
クイタラン,n631.png,ほのお,,くいしんぼう,もらいび,しろいけむり,0,85,97,66,105,66,65
アイアント,n632.png,むし,はがね,むしのしらせ,はりきり,なまけ,0,58,109,112,48,48,109
モノズ,n633.png,あく,ドラゴン,はりきり,,,0,52,65,50,45,50,38
ジヘッド,n634.png,あく,ドラゴン,はりきり,,,0,72,85,70,65,70,58
サザンドラ,n635.png,あく,ドラゴン,ふゆう,,,0,92,105,90,125,90,98
メラルバ,n636.png,むし,ほのお,ほのおのからだ,,むしのしらせ,0,55,85,55,50,55,60
ウルガモス,n637.png,むし,ほのお,ほのおのからだ,,むしのしらせ,0,85,60,65,135,105,100
コバルオン,n638.png,はがね,かくとう,せいぎのこころ,,,1,91,90,129,90,72,108
テラキオン,n639.png,いわ,かくとう,せいぎのこころ,,,1,91,129,90,72,90,108
ビリジオン,n640.png,くさ,かくとう,せいぎのこころ,,,1,91,90,72,90,129,108
トルネロス,n641.png,ひこう,,いたずらごころ,,まけんき,0,79,115,70,125,80,111
トルネロス霊,n641a.png,ひこう,,さいせいりょく,,,0,79,100,80,110,90,121
ボルトロス,n642.png,でんき,ひこう,いたずらごころ,,まけんき,0,79,115,70,125,80,111
ボルトロス霊,n642a.png,でんき,ひこう,ちくでん,,,0,79,105,70,145,80,101
レシラム,n643.png,ドラゴン,ほのお,ターボブレイズ,,,1,100,120,100,150,120,90
ゼクロム,n644.png,ドラゴン,でんき,テラボルテージ,,,1,100,150,120,120,100,90
ランドロス,n645.png,じめん,ひこう,すなのちから,,ちからずく,0,89,125,90,115,80,101
ランドロス霊,n645a.png,じめん,ひこう,いかく,,,0,89,145,90,105,80,91
キュレム,n646.png,ドラゴン,こおり,プレッシャー,,,1,125,130,90,130,90,95
キュレムW,n646w.png,ドラゴン,こおり,ターボブレイズ,,,1,125,120,90,170,100,95
キュレムB,n646b.png,ドラゴン,こおり,テラボルテージ,,,1,125,170,100,120,90,95
ケルディオ,n647.png,みず,かくとう,せいぎのこころ,,,1,91,72,90,129,90,108
ケルディオ覚悟,n647k.png,みず,かくとう,せいぎのこころ,,,1,91,72,90,129,90,108
メロエッタ,n648.png,ノーマル,エスパー,てんのめぐみ,,,0,100,77,77,128,128,90
メロエッタS,n648f.png,ノーマル,かくとう,てんのめぐみ,,,0,100,128,90,77,77,128
ゲノセクト,n649.png,むし,はがね,ダウンロード,,,1,71,120,95,120,95,99
ハリマロン,n650.png,くさ,,しんりょく,,ぼうだん,0,56,61,65,48,45,38
ハリボーグ,n651.png,くさ,,しんりょく,,ぼうだん,0,61,78,95,56,58,57
ブリガロン,n652.png,くさ,かくとう,しんりょく,,ぼうだん,0,88,107,122,74,75,64
フォッコ,n653.png,ほのお,,もうか,,マジシャン,0,40,45,40,62,60,60
テールナー,n654.png,ほのお,,もうか,,マジシャン,0,59,59,58,90,70,73
マフォクシー,n655.png,ほのお,エスパー,もうか,,マジシャン,0,75,69,72,114,100,104
ケロマツ,n656.png,みず,,げきりゅう,,へんげんじざい,0,41,56,40,62,44,71
ゲコガシラ,n657.png,みず,,げきりゅう,,へんげんじざい,0,54,63,52,83,56,97
ゲッコウガ,n658.png,みず,あく,げきりゅう,,へんげんじざい,0,72,95,67,103,71,122
サトシゲッコウガ,n658f.png,みず,あく,きずなへんげ,,,0,72,145,67,153,71,132
ホルビー,n659.png,ノーマル,,ものひろい,ほおぶくろ,ちからもち,0,38,36,38,32,36,57
ホルード,n660.png,ノーマル,じめん,ものひろい,ほおぶくろ,ちからもち,0,85,56,77,50,77,78
ヤヤコマ,n661.png,ノーマル,ひこう,はとむね,,はやてのつばさ,0,45,50,43,40,38,62
ヒノヤコマ,n662.png,ほのお,ひこう,ほのおのからだ,,はやてのつばさ,0,62,73,55,56,52,84
ファイアロー,n663.png,ほのお,ひこう,ほのおのからだ,,はやてのつばさ,0,78,81,71,74,69,126
コフキムシ,n664.png,むし,,りんぷん,ふくがん,フレンドガード,0,38,35,40,27,25,35
コフーライ,n665.png,むし,,だっぴ,,フレンドガード,0,45,22,60,27,30,29
ビビヨン,n666.png,むし,ひこう,りんぷん,ふくがん,フレンドガード,0,80,52,50,90,50,89
シシコ,n667.png,ほのお,ノーマル,とうそうしん,きんちょうかん,じしんかじょう,0,62,50,58,73,54,72
カエンジシ,n668.png,ほのお,ノーマル,とうそうしん,きんちょうかん,じしんかじょう,0,86,68,72,109,66,106
フラベベ,n669.png,フェアリー,,フラワーベール,,きょうせい,0,44,38,39,61,79,42
フラエッテ,n670.png,フェアリー,,フラワーベール,,きょうせい,0,54,45,47,75,98,52
フラージェス,n671.png,フェアリー,,フラワーベール,,きょうせい,0,78,65,68,112,154,75
メェークル,n672.png,くさ,,そうしょく,,くさのけがわ,0,66,65,48,62,57,52
ゴーゴート,n673.png,くさ,,そうしょく,,くさのけがわ,0,123,100,62,97,81,68
ヤンチャム,n674.png,かくとう,,てつのこぶし,かたやぶり,きもったま,0,67,82,62,46,48,43
ゴロンダ,n675.png,かくとう,あく,てつのこぶし,かたやぶり,きもったま,0,95,124,78,69,71,58
トリミアン,n676.png,ノーマル,,ファーコート,,,0,75,80,60,65,90,102
ニャスパー,n677.png,エスパー,,するどいめ,すりぬけ,マイペース,0,62,48,54,63,60,68
ニャオニクス♂,n678.png,エスパー,,するどいめ,すりぬけ,いたずらごころ,0,74,48,76,83,81,104
ニャオニクス♀,n678f.png,エスパー,,するどいめ,すりぬけ,かちき,0,74,48,76,83,81,104
ヒトツキ,n679.png,はがね,ゴースト,ノーガード,,,0,45,80,100,35,37,28
ニダンギル,n680.png,はがね,ゴースト,ノーガード,,,0,59,110,150,45,49,35
ギルガルド盾,n681.png,はがね,ゴースト,バトルスイッチ,,,0,60,50,140,50,140,60
ギルガルド剣,n681b.png,はがね,ゴースト,バトルスイッチ,,,0,60,140,50,140,50,60
シュシュプ,n682.png,フェアリー,,いやしのこころ,,アロマベール,0,78,52,60,63,65,23
フレフワン,n683.png,フェアリー,,いやしのこころ,,アロマベール,0,101,72,72,99,89,29
ペロッパフ,n684.png,フェアリー,,スイートベール,,かるわざ,0,62,48,66,59,57,49
ペロリーム,n685.png,フェアリー,,スイートベール,,かるわざ,0,82,80,86,85,75,72
マーイーカ,n686.png,あく,エスパー,あまのじゃく,きゅうばん,すりぬけ,0,53,54,53,37,46,45
カラマネロ,n687.png,あく,エスパー,あまのじゃく,きゅうばん,すりぬけ,0,86,92,88,68,75,73
カメテテ,n688.png,いわ,みず,かたいツメ,スナイパー,わるいてぐせ,0,42,52,67,39,56,50
ガメノデス,n689.png,いわ,みず,かたいツメ,スナイパー,わるいてぐせ,0,72,105,115,54,86,68
クズモー,n690.png,どく,みず,どくのトゲ,どくしゅ,てきおうりょく,0,50,60,60,60,60,30
ドラミドロ,n691.png,どく,ドラゴン,どくのトゲ,どくしゅ,てきおうりょく,0,65,75,90,97,123,44
ウデッポウ,n692.png,みず,,メガランチャー,,,0,50,53,62,58,63,44
ブロスター,n693.png,みず,,メガランチャー,,,0,71,73,88,120,89,59
エリキテル,n694.png,でんき,ノーマル,かんそうはだ,すながくれ,サンパワー,0,44,38,33,61,43,70
エレザード,n695.png,でんき,ノーマル,かんそうはだ,すながくれ,サンパワー,0,62,55,52,109,94,109
チゴラス,n696.png,いわ,ドラゴン,がんじょうあご,,がんじょう,0,58,89,77,45,45,48
ガチゴラス,n697.png,いわ,ドラゴン,がんじょうあご,,いしあたま,0,82,121,119,69,59,71
アマルス,n698.png,いわ,こおり,フリーズスキン,,ゆきふらし,0,77,59,50,67,63,46
アマルルガ,n699.png,いわ,こおり,フリーズスキン,,ゆきふらし,0,123,77,72,99,92,58
ニンフィア,n700.png,フェアリー,,メロメロボディ,,フェアリースキン,0,95,65,65,110,130,60
ルチャブル,n701.png,かくとう,ひこう,じゅうなん,かるわざ,かたやぶり,0,78,92,75,74,63,118
デデンネ,n702.png,でんき,フェアリー,ほおぶくろ,ものひろい,プラス,0,67,58,57,81,67,101
メレシー,n703.png,いわ,フェアリー,クリアボディ,,がんじょう,1,50,50,150,50,150,50
ヌメラ,n704.png,ドラゴン,,そうしょく,うるおいボディ,ぬめぬめ,0,45,50,35,55,75,40
ヌメイル,n705.png,ドラゴン,,そうしょく,うるおいボディ,ぬめぬめ,0,68,75,53,83,113,60
ヌメルゴン,n706.png,ドラゴン,,そうしょく,うるおいボディ,ぬめぬめ,0,90,100,70,110,150,80
クレッフィ,n707.png,はがね,フェアリー,いたずらごころ,,マジシャン,0,57,80,91,80,87,75
ボクレー,n708.png,ゴースト,くさ,しぜんかいふく,おみとおし,しゅうかく,0,43,70,48,50,60,38
オーロット,n709.png,ゴースト,くさ,しぜんかいふく,おみとおし,しゅうかく,0,85,110,76,65,82,56
バケッチャ普,n710.png,ゴースト,くさ,ものひろい,おみとおし,ふみん,0,49,66,70,44,55,51
バケッチャ小,n710s.png,ゴースト,くさ,ものひろい,おみとおし,ふみん,0,44,66,70,44,55,56
バケッチャ大,n710l.png,ゴースト,くさ,ものひろい,おみとおし,ふみん,0,54,66,70,44,55,46
バケッチャ特大,n710k.png,ゴースト,くさ,ものひろい,おみとおし,ふみん,0,59,66,70,44,55,41
パンプジン普,n711.png,ゴースト,くさ,ものひろい,おみとおし,ふみん,0,65,90,122,58,75,84
パンプジン小,n711s.png,ゴースト,くさ,ものひろい,おみとおし,ふみん,0,55,85,122,58,75,99
パンプジン大,n711l.png,ゴースト,くさ,ものひろい,おみとおし,ふみん,0,75,95,122,58,75,69
パンプジン特大,n711k.png,ゴースト,くさ,ものひろい,おみとおし,ふみん,0,85,100,122,58,75,54
カチコール,n712.png,こおり,,マイペース,アイスボディ,がんじょう,0,55,69,85,32,35,28
クレベース,n713.png,こおり,,マイペース,アイスボディ,がんじょう,0,95,117,184,44,46,28
オンバット,n714.png,ひこう,ドラゴン,おみとおし,すりぬけ,テレパシー,0,40,30,35,45,40,55
オンバーン,n715.png,ひこう,ドラゴン,おみとおし,すりぬけ,テレパシー,0,85,70,80,97,80,123
ゼルネアス,n716.png,フェアリー,,フェアリーオーラ,,,1,126,131,95,131,98,99
イベルタル,n717.png,あく,ひこう,ダークオーラ,,,1,126,131,95,131,98,99
ジガルデ,n718.png,ドラゴン,じめん,オーラブレイク,,ワームチェンジ,1,108,100,121,81,95,95
ジガルデ10%,n718t.png,ドラゴン,じめん,オーラブレイク,,ワームチェンジ,1,54,100,71,61,85,115
ジガルデ100%,n718c.png,ドラゴン,じめん,スワームチェンジ,,,1,216,100,121,91,95,85
ディアンシー,n719.png,いわ,フェアリー,クリアボディ,,,1,50,100,150,100,150,50
メガディアンシー,n719m.png,いわ,フェアリー,マジックミラー,,,0,50,160,110,160,110,110
フーパ,n720.png,エスパー,ゴースト,マジシャン,,,0,80,110,60,150,130,70
フーパ時,n720u.png,エスパー,あく,マジシャン,,,0,80,160,60,170,130,80
ボルケニオン,n721.png,ほのお,みず,ちょすい,,,1,80,110,120,130,90,70
モクロー,n722.png,くさ,ひこう,しんりょく,,えんかく,0,68,55,55,50,50,42
フクスロー,n723.png,くさ,ひこう,しんりょく,,えんかく,0,78,75,75,70,70,52
ジュナイパー,n724.png,くさ,ゴースト,しんりょく,,えんかく,0,78,107,75,100,100,70
ニャビー,n725.png,ほのお,,もうか,,いかく,0,45,65,40,60,40,70
ニャヒート,n726.png,ほのお,,もうか,,いかく,0,65,85,50,80,50,90
ガオガエン,n727.png,ほのお,あく,もうか,,いかく,0,95,115,90,80,90,60
アシマリ,n728.png,みず,,げきりゅう,,うるおいボイス,0,50,54,54,66,56,40
オシャマリ,n729.png,みず,,げきりゅう,,うるおいボイス,0,60,69,69,91,81,50
アシレーヌ,n730.png,みず,フェアリー,げきりゅう,,うるおいボイス,0,80,74,74,126,116,60
ツツケラ,n731.png,ノーマル,ひこう,するどいめ,スキルリンク,ものひろい,0,35,75,30,30,30,65
ケララッパ,n732.png,ノーマル,ひこう,するどいめ,スキルリンク,ものひろい,0,55,85,50,40,50,75
ドデカバシ,n733.png,ノーマル,ひこう,するどいめ,スキルリンク,ちからずく,0,80,120,75,75,75,60
ヤングース,n734.png,ノーマル,,はりこみ,がんじょうあご,てきおうりょく,0,48,70,30,30,30,45
デカグース,n735.png,ノーマル,,はりこみ,がんじょうあご,てきおうりょく,0,88,110,60,55,60,45
アゴジムシ,n736.png,むし,,むしのしらせ,,,0,47,62,45,55,45,46
デンヂムシ,n737.png,むし,でんき,バッテリー,,,0,57,82,95,55,75,36
クワガノン,n738.png,むし,でんき,ふゆう,,,0,77,70,90,145,75,43
マケンカニ,n739.png,かくとう,,かいりきバサミ,てつのこぶし,いかりのつぼ,0,47,82,57,42,47,63
ケケンカニ,n740.png,かくとう,こおり,かいりきバサミ,てつのこぶし,いかりのつぼ,0,97,132,77,62,67,43
オドリドリ炎,n741.png,ほのお,ひこう,おどりこ,,,0,75,70,70,98,70,93
オドリドリ電,n741p.png,でんき,ひこう,おどりこ,,,0,75,70,70,98,70,93
オドリドリ超,n741f.png,エスパー,ひこう,おどりこ,,,0,75,70,70,98,70,93
オドリドリ霊,n741m.png,ゴースト,ひこう,おどりこ,,,0,75,70,70,98,70,93
アブリー,n742.png,むし,フェアリー,みつあつめ,りんぷん,スイートベール,0,40,45,40,55,40,84
アブリボン,n743.png,むし,フェアリー,みつあつめ,りんぷん,スイートベール,0,60,55,60,95,70,124
イワンコ,n744.png,いわ,,するどいめ,,,0,45,65,40,30,40,60
ルガルガン昼,n745.png,いわ,,するどいめ,すなかき,ふくつのこころ,0,75,115,65,55,65,112
ルガルガン夜,n745f.png,いわ,,するどいめ,やるき,ノーガード,0,85,115,75,55,75,82
ルガルガン黄昏,n745d.png,いわ,,かたいツメ,,,0,75,117,65,55,65,110
ヨワシ,n746.png,みず,,ぎょぐん,,,0,45,20,20,25,25,40
ヨワシ群,n746f.png,みず,,ぎょぐん,,,0,45,140,130,140,135,30
ヒドイデ,n747.png,どく,みず,ひとでなし,じゅうなん,さいせいりょく,0,50,53,62,43,52,45
ドヒドイデ,n748.png,どく,みず,ひとでなし,じゅうなん,さいせいりょく,0,50,63,152,53,142,35
ドロバンコ,n749.png,じめん,,マイペース,じきゅうりょく,せいしんりょく,0,70,100,70,45,55,45
バンバドロ,n750.png,じめん,,マイペース,じきゅうりょく,せいしんりょく,0,100,125,100,55,85,35
シズクモ,n751.png,みず,むし,すいほう,,ちょすい,0,38,40,52,40,72,27
オニシズクモ,n752.png,みず,むし,すいほう,,ちょすい,0,68,70,92,50,132,42
カリキリ,n753.png,くさ,,リーフガード,,あまのじゃく,0,40,55,35,50,35,35
ラランテス,n754.png,くさ,,リーフガード,,あまのじゃく,0,70,105,90,80,90,45
ネマシュ,n755.png,くさ,フェアリー,はっこう,ほうし,あめうけざら,0,40,35,55,65,75,15
マシェード,n756.png,くさ,フェアリー,はっこう,ほうし,あめうけざら,0,60,45,80,90,100,30
ヤトウモリ,n757.png,どく,ほのお,ふしょく,,どんかん,0,48,44,40,71,40,77
エンニュート,n758.png,どく,ほのお,ふしょく,,どんかん,0,68,64,60,111,60,117
ヌイコグマ,n759.png,ノーマル,かくとう,もふもふ,ぶきよう,メロメロボディ,0,70,75,50,45,50,50
キテルグマ,n760.png,ノーマル,かくとう,もふもふ,ぶきよう,きんちょうかん,0,120,125,80,55,60,60
アマカジ,n761.png,くさ,,リーフガード,どんかん,スイートベール,0,42,30,38,30,38,32
アママイコ,n762.png,くさ,,リーフガード,どんかん,スイートベール,0,52,40,48,40,48,62
アマージョ,n763.png,くさ,,リーフガード,じょおうのいげん,スイートベール,0,72,120,98,50,98,72
キュワワー,n764.png,フェアリー,,フラワーベール,ヒーリングシフト,しぜんかいふく,0,51,52,90,82,110,100
ヤレユータン,n765.png,ノーマル,エスパー,せいしんりょく,テレパシー,きょうせい,0,90,60,80,90,110,60
ナゲツケサル,n766.png,かくとう,,レシーバー,,まけんき,0,100,120,90,40,60,80
コソクムシ,n767.png,むし,みず,にげごし,,,0,25,35,40,20,30,80
グソクムシャ,n768.png,むし,みず,ききかいひ,,,0,75,125,140,60,90,40
スナバァ,n769.png,ゴースト,じめん,みずがため,,すながくれ,0,55,55,80,70,45,15
シロデスナ,n770.png,ゴースト,じめん,みずがため,,すながくれ,0,85,75,110,100,75,35
ナマコブシ,n771.png,みず,,とびだすなかみ,,てんねん,0,55,60,130,30,130,5
タイプ：ヌル,n772.png,ノーマル,,カブトアーマー,,,1,95,95,95,95,95,59
シルヴァディ,n773.png,ノーマル,,ARシステム,,,1,95,95,95,95,95,95
メテノ,n774.png,いわ,ひこう,リミットシールド,,,0,60,60,100,60,100,60
メテノ(コア),n774f.png,いわ,ひこう,リミットシールド,,,0,60,100,60,100,60,120
ネッコアラ,n775.png,ノーマル,,ぜったいねむり,,,0,65,115,65,75,95,65
バクガメス,n776.png,ほのお,ドラゴン,シェルアーマー,,,0,60,78,135,91,85,36
トゲデマル,n777.png,でんき,はがね,てつのトゲ,ひらいしん,がんじょう,0,65,98,63,40,73,96
ミミッキュ,n778.png,ゴースト,フェアリー,ばけのかわ,,,0,55,90,80,50,105,96
ハギギシリ,n779.png,みず,エスパー,ビビッドボディ,がんじょうあご,ミラクルスキン,0,68,105,70,70,70,92
ジジーロン,n780.png,ノーマル,ドラゴン,ぎゃくじょう,そうしょく,ノーてんき,0,78,60,85,135,91,36
ダダリン,n781.png,ゴースト,くさ,はがねつかい,,,1,70,131,100,86,90,40
ジャラコ,n782.png,ドラゴン,,ぼうだん,ぼうおん,ぼうじん,0,45,55,65,45,45,45
ジャランゴ,n783.png,ドラゴン,かくとう,ぼうだん,ぼうおん,ぼうじん,0,55,75,90,65,70,65
ジャラランガ,n784.png,ドラゴン,かくとう,ぼうだん,ぼうおん,ぼうじん,0,75,110,125,100,105,85
カプ・コケコ,n785.png,でんき,フェアリー,エレキメイカー,,テレパシー,1,70,115,85,95,75,130
カプ・テテフ,n786.png,エスパー,フェアリー,サイコメイカー,,テレパシー,1,70,85,75,130,115,95
カプ・ブルル,n787.png,くさ,フェアリー,グラスメイカー,,テレパシー,1,70,130,115,85,95,75
カプ・レヒレ,n788.png,みず,フェアリー,ミストメイカー,,テレパシー,1,70,75,115,95,130,85
コスモッグ,n789.png,エスパー,,てんねん,,,1,43,29,31,29,31,37
コスモウム,n790.png,エスパー,,がんじょう,,,1,43,29,131,29,131,37
ソルガレオ,n791.png,エスパー,はがね,メタルプロテクト,,,1,137,137,107,113,89,97
ルナアーラ,n792.png,エスパー,ゴースト,ファントムガード,,,1,137,113,89,137,107,97
ウツロイド,n793.png,いわ,どく,ビーストブースト,,,1,109,53,47,127,131,103
マッシブーン,n794.png,むし,かくとう,ビーストブースト,,,1,107,139,139,53,53,79
フェローチェ,n795.png,むし,かくとう,ビーストブースト,,,1,71,137,37,137,37,151
デンジュモク,n796.png,でんき,,ビーストブースト,,,1,83,89,71,173,71,83
テッカグヤ,n797.png,はがね,ひこう,ビーストブースト,,,1,97,101,103,107,101,61
カミツルギ,n798.png,くさ,はがね,ビーストブースト,,,1,59,181,131,59,31,109
アクジキング,n799.png,あく,ドラゴン,ビーストブースト,,,1,223,101,53,97,53,43
ネクロズマ,n800.png,エスパー,,プリズムアーマー,,,1,97,107,101,127,89,79
ネクロズマ日,n800s.png,エスパー,はがね,プリズムアーマー,,,1,97,157,127,113,109,77
ネクロズマ月,n800m.png,エスパー,ゴースト,プリズムアーマー,,,1,97,113,109,157,127,77
ウルトラネクロズマ,n800u.png,エスパー,ドラゴン,ブレインフォース,,,0,97,167,97,167,97,129
マギアナ,n801.png,はがね,フェアリー,ソウルハート,,,1,80,95,115,130,115,65
マーシャドー,n802.png,かくとう,ゴースト,テクニシャン,,,1,90,125,80,90,90,125
ベベノム,n803.png,どく,,ビーストブースト,,,1,67,73,67,73,67,73
アーゴヨン,n804.png,どく,ドラゴン,ビーストブースト,,,1,73,73,73,127,73,121
ツンデツンデ,n805.png,いわ,はがね,ビーストブースト,,,1,61,131,211,53,101,13
ズガドーン,n806.png,ほのお,ゴースト,ビーストブースト,,,1,53,127,53,151,79,107
ゼラオラ,n807.png,でんき,,ちくでん,,,1,88,112,75,102,80,143
メルタン,n808.png,はがね,,じりょく,,,1,46,65,65,55,35,34
メルメタル,n809.png,はがね,,てつのこぶし,,,1,135,143,143,80,65,34
サルノリ,n810.png,くさ,,しんりょく,,グラスメイカー,0,50,65,50,40,40,65
バチンキー,n811.png,くさ,,しんりょく,,グラスメイカー,0,70,85,70,55,60,80
ゴリランダー,n812.png,くさ,,しんりょく,,グラスメイカー,0,100,125,90,60,70,85
ヒバニー,n813.png,ほのお,,もうか,,リベロ,0,50,71,40,40,40,69
ラビフット,n814.png,ほのお,,もうか,,リベロ,0,65,86,60,55,60,94
エースバーン,n815.png,ほのお,,もうか,,リベロ,0,80,116,75,65,75,119
メッソン,n816.png,みず,,げきりゅう,,スナイパー,0,50,40,40,70,40,70
ジメレオン,n817.png,みず,,げきりゅう,,スナイパー,0,65,60,55,95,55,90
インテレオン,n818.png,みず,,げきりゅう,,スナイパー,0,70,85,65,125,65,120
ホシガリス,n819.png,ノーマル,,ほおぶくろ,,くいしんぼう,0,70,55,55,35,35,25
ヨクバリス,n820.png,ノーマル,,ほおぶくろ,,くいしんぼう,0,120,95,95,55,75,20
ココガラ,n821.png,ひこう,,するどいめ,きんちょうかん,はとむね,0,38,47,35,33,35,57
アオガラス,n822.png,ひこう,,するどいめ,きんちょうかん,はとむね,0,68,67,55,43,55,77
アーマーガア,n823.png,ひこう,はがね,プレッシャー,きんちょうかん,ミラーアーマー,0,98,87,105,53,85,67
サッチムシ,n824.png,むし,,むしのしらせ,ふくがん,テレパシー,0,25,20,20,25,45,45
レドームシ,n825.png,むし,エスパー,むしのしらせ,ふくがん,テレパシー,0,50,35,80,50,90,30
イオルブ,n826.png,むし,エスパー,むしのしらせ,おみとおし,テレパシー,0,60,45,110,80,120,90
クスネ,n827.png,あく,,にげあし,かるわざ,はりこみ,0,40,28,28,47,52,50
フォクスライ,n828.png,あく,,にげあし,かるわざ,はりこみ,0,70,58,58,87,92,90
ヒメンカ,n829.png,くさ,,わたげ,さいせいりょく,ほうし,0,40,40,60,40,60,10
ワタシラガ,n830.png,くさ,,わたげ,さいせいりょく,ほうし,0,60,50,90,80,120,60
ウールー,n831.png,ノーマル,,もふもふ,にげあし,ぼうだん,0,42,40,55,40,45,48
バイウールー,n832.png,ノーマル,,もふもふ,ふくつのこころ,ぼうだん,0,72,80,100,60,90,88
カムカメ,n833.png,みず,,がんじょうあご,シェルアーマー,すいすい,0,50,64,50,38,38,44
カジリガメ,n834.png,みず,いわ,がんじょうあご,シェルアーマー,すいすい,0,90,115,90,48,68,74
ワンパチ,n835.png,でんき,,たまひろい,,びびり,0,59,45,50,40,50,26
パルスワン,n836.png,でんき,,がんじょうあご,,かちき,0,69,90,60,90,60,121
タンドン,n837.png,いわ,,じょうききかん,たいねつ,もらいび,0,30,40,50,40,50,30
トロッゴン,n838.png,いわ,ほのお,じょうききかん,ほのおのからだ,もらいび,0,80,60,90,60,70,50
セキタンザン,n839.png,いわ,ほのお,じょうききかん,ほのおのからだ,もらいび,0,110,80,120,80,90,30
カジッチュ,n840.png,くさ,ドラゴン,じゅくせい,くいしんぼう,ぼうだん,0,40,40,80,40,40,20
アップリュー,n841.png,くさ,ドラゴン,じゅくせい,くいしんぼう,はりきり,0,70,110,80,95,60,70
タルップル,n842.png,くさ,ドラゴン,じゅくせい,くいしんぼう,あついしぼう,0,110,85,80,100,80,30
スナヘビ,n843.png,じめん,,すなはき,だっぴ,すながくれ,0,52,57,75,35,50,46
サダイジャ,n844.png,じめん,,すなはき,だっぴ,すながくれ,0,72,107,125,65,70,71
ウッウ,n845.png,ひこう,みず,うのミサイル,,,0,70,85,55,85,95,85
サシカマス,n846.png,みず,,すいすい,,スクリューおびれ,0,41,63,40,40,30,66
カマスジョー,n847.png,みず,,すいすい,,スクリューおびれ,0,61,123,60,60,50,136
エレズン,n848.png,でんき,どく,びびり,せいでんき,ぶきよう,0,40,38,35,54,35,40
ストリンダー(ハイ),n849.png,でんき,どく,パンクロック,プラス,テクニシャン,0,75,98,70,114,70,75
ストリンダー(ロー),n849f.png,でんき,どく,パンクロック,マイナス,テクニシャン,0,75,98,70,114,70,75
ヤクデ,n850.png,ほのお,むし,もらいび,しろいけむり,ほのおのからだ,0,50,65,45,50,50,45
マルヤクデ,n851.png,ほのお,むし,もらいび,しろいけむり,ほのおのからだ,0,100,115,65,90,90,65
タタッコ,n852.png,かくとう,,じゅうなん,,テクニシャン,0,50,68,60,50,50,32
オトスパス,n853.png,かくとう,,じゅうなん,,テクニシャン,0,80,118,90,70,80,42
ヤバチャ,n854.png,ゴースト,,くだけるよろい,,のろわれボディ,1,40,45,45,74,54,50
ポットデス,n855.png,ゴースト,,くだけるよろい,,のろわれボディ,1,60,65,65,134,114,70
ミブリム,n856.png,エスパー,,いやしのこころ,きけんよち,マジックミラー,0,42,30,45,56,53,39
テブリム,n857.png,エスパー,,いやしのこころ,きけんよち,マジックミラー,0,57,40,65,86,73,49
ブリムオン,n858.png,エスパー,フェアリー,いやしのこころ,きけんよち,マジックミラー,0,57,90,95,136,103,29
ベロバー,n859.png,あく,フェアリー,いたずらごころ,おみとおし,わるいてぐせ,0,45,45,30,55,40,50
ギモー,n860.png,あく,フェアリー,いたずらごころ,おみとおし,わるいてぐせ,0,65,60,45,75,55,70
オーロンゲ,n861.png,あく,フェアリー,いたずらごころ,おみとおし,わるいてぐせ,0,95,120,65,95,75,60
タチフサグマ,n862.png,あく,ノーマル,すてみ,こんじょう,まけんき,0,93,90,101,60,81,95
ニャイキング,n863.png,はがね,,カブトアーマー,かたいツメ,はがねのせいしん,0,70,110,100,50,60,50
サニゴーン,n864.png,ゴースト,,くだけるよろい,,ほろびのボディ,0,60,95,50,145,130,30
ネギガナイト,n865.png,かくとう,,ふくつのこころ,,きもったま,0,62,135,95,68,82,65
バリコオル,n866.png,こおり,エスパー,ちどりあし,バリアフリー,アイスボディ,0,80,85,75,110,100,70
デスバーン,n867.png,じめん,ゴースト,さまようたましい,,,0,58,95,145,50,105,30
マホミル,n868.png,フェアリー,,スイートベール,,アロマベール,0,45,40,40,50,61,34
マホイップ,n869.png,フェアリー,,スイートベール,,アロマベール,0,65,60,75,110,121,64
タイレーツ,n870.png,かくとう,,カブトアーマー,,まけんき,1,65,100,100,70,60,75
バチンウニ,n871.png,でんき,,ひらいしん,,エレキメイカー,0,48,101,95,91,85,15
ユキハミ,n872.png,こおり,むし,りんぷん,,こおりのりんぷん,0,30,25,35,45,30,20
モスノウ,n873.png,こおり,むし,りんぷん,,こおりのりんぷん,0,70,65,60,125,90,65
イシヘンジン,n874.png,いわ,,パワースポット,,,0,100,125,135,20,20,70
コオリッポ,n875.png,こおり,,アイスフェイス,,,0,75,80,110,65,90,50
コオリッポ(ナイス),n875f.png,こおり,,アイスフェイス,,,0,75,80,70,65,50,130
イエッサン♂,n876.png,エスパー,ノーマル,せいしんりょく,シンクロ,サイコメイカー,0,60,65,55,105,95,95
イエッサン♀,n876f.png,エスパー,ノーマル,マイペース,シンクロ,サイコメイカー,0,70,55,65,95,105,85
モルペコ,n877.png,でんき,あく,はらぺこスイッチ,,,0,58,95,58,70,58,97
ゾウドウ,n878.png,はがね,,ちからずく,,ヘヴィメタル,0,72,80,49,40,49,40
ダイオウドウ,n879.png,はがね,,ちからずく,,ヘヴィメタル,0,122,130,69,80,69,30
パッチラゴン,n880.png,でんき,ドラゴン,ちくでん,はりきり,すなかき,1,90,100,90,80,70,75
パッチルドン,n881.png,でんき,こおり,ちくでん,せいでんき,ゆきかき,1,90,100,90,90,80,55
ウオノラゴン,n882.png,みず,ドラゴン,ちょすい,がんじょうあご,すなかき,1,90,90,100,70,80,75
ウオチルドン,n883.png,みず,こおり,ちょすい,アイスボディ,ゆきかき,1,90,90,100,80,90,55
ジュラルドン,n884.png,はがね,ドラゴン,ライトメタル,ヘヴィメタル,すじがねいり,0,70,95,115,120,50,85
ドラメシヤ,n885.png,ドラゴン,ゴースト,クリアボディ,すりぬけ,のろわれボディ,0,28,60,30,40,30,82
ドロンチ,n886.png,ドラゴン,ゴースト,クリアボディ,すりぬけ,のろわれボディ,0,68,80,50,60,50,102
ドラパルト,n887.png,ドラゴン,ゴースト,クリアボディ,すりぬけ,のろわれボディ,0,88,120,75,100,75,142
ザシアン,n888.png,フェアリー,,ふとうのけん,,,1,92,130,115,80,115,138
ザシアン剣王,n888f.png,フェアリー,はがね,ふとうのけん,,,1,92,170,115,80,115,148
ザマゼンタ,n889.png,かくとう,,ふくつのたて,,,1,92,130,115,80,115,138
ザマゼンタ盾王,n889f.png,かくとう,はがね,ふくつのたて,,,1,92,130,145,80,145,128
ムゲンダイナ,n890.png,どく,ドラゴン,プレッシャー,,,1,140,85,95,145,95,130
ムゲンダイナ(ムゲン),n890f.png,どく,ドラゴン,プレッシャー,,,1,255,115,250,125,250,130
ダクマ,n891.png,かくとう,,せいしんりょく,,,0,60,90,60,53,50,72
ウーラオス悪,n892.png,かくとう,あく,ふかしのこぶし,,,0,100,130,100,63,60,97
ウーラオス水,n892r.png,かくとう,みず,ふかしのこぶし,,,0,100,130,100,63,60,97
ザルード,n893.png,あく,くさ,リーフガード,,,1,105,120,105,70,95,105
レジエレキ,n894.png,でんき,,トランジスタ,,,1,80,100,50,100,50,200
レジドラゴ,n895.png,ドラゴン,,りゅうのあぎと,,,1,200,100,50,100,50,80
ブリザポス,n896.png,こおり,,しろのいななき,,,1,100,145,130,65,110,30
レイスポス,n897.png,ゴースト,,くろのいななき,,,1,100,65,60,145,80,130
バドレックス,n898.png,エスパー,くさ,きんちょうかん,,,1,100,80,80,80,80,80
バドレックス白,n898w.png,エスパー,こおり,じんばいったい,,,1,100,165,150,85,130,50
バドレックス黒,n898b.png,エスパー,ゴースト,じんばいったい,,,1,100,85,80,165,100,150
